,WEP
2020-01-01 00:00:00,70.78
2020-01-01 00:30:00,75.5
2020-01-01 01:00:00,72.69
2020-01-01 01:30:00,70.36
2020-01-01 02:00:00,70.33
2020-01-01 02:30:00,69.55
2020-01-01 03:00:00,68.62
2020-01-01 03:30:00,67.6
2020-01-01 04:00:00,67.04
2020-01-01 04:30:00,67.13
2020-01-01 05:00:00,67.3
2020-01-01 05:30:00,68.46
2020-01-01 06:00:00,69.64
2020-01-01 06:30:00,69.63
2020-01-01 07:00:00,69.51
2020-01-01 07:30:00,74.17
2020-01-01 08:00:00,77.08
2020-01-01 08:30:00,77.6
2020-01-01 09:00:00,81.54
2020-01-01 09:30:00,83.52
2020-01-01 10:00:00,83.58
2020-01-01 10:30:00,82.67
2020-01-01 11:00:00,84.49
2020-01-01 11:30:00,82.51
2020-01-01 12:00:00,82.44
2020-01-01 12:30:00,82.24
2020-01-01 13:00:00,83.33
2020-01-01 13:30:00,83.28
2020-01-01 14:00:00,84.12
2020-01-01 14:30:00,83.35
2020-01-01 15:00:00,83.37
2020-01-01 15:30:00,83.8
2020-01-01 16:00:00,83.88
2020-01-01 16:30:00,85.18
2020-01-01 17:00:00,84.84
2020-01-01 17:30:00,85.04
2020-01-01 18:00:00,85.96
2020-01-01 18:30:00,101.29
2020-01-01 19:00:00,115.93
2020-01-01 19:30:00,104.52
2020-01-01 20:00:00,115.99
2020-01-01 20:30:00,126.47
2020-01-01 21:00:00,113.27
2020-01-01 21:30:00,101.13
2020-01-01 22:00:00,104.91
2020-01-01 22:30:00,87.73
2020-01-01 23:00:00,86.63
2020-01-01 23:30:00,84.95
2020-01-02 00:00:00,78.36
2020-01-02 00:30:00,74.99
2020-01-02 01:00:00,68.8
2020-01-02 01:30:00,67.61
2020-01-02 02:00:00,65.92
2020-01-02 02:30:00,65.36
2020-01-02 03:00:00,64.78
2020-01-02 03:30:00,64.87
2020-01-02 04:00:00,64.76
2020-01-02 04:30:00,65.23
2020-01-02 05:00:00,67.0
2020-01-02 05:30:00,70.55
2020-01-02 06:00:00,71.53
2020-01-02 06:30:00,77.15
2020-01-02 07:00:00,77.6
2020-01-02 07:30:00,85.38
2020-01-02 08:00:00,88.02
2020-01-02 08:30:00,94.85
2020-01-02 09:00:00,115.47
2020-01-02 09:30:00,142.65
2020-01-02 10:00:00,247.67
2020-01-02 10:30:00,257.53
2020-01-02 11:00:00,256.9
2020-01-02 11:30:00,218.38
2020-01-02 12:00:00,214.54
2020-01-02 12:30:00,215.19
2020-01-02 13:00:00,257.74
2020-01-02 13:30:00,217.74
2020-01-02 14:00:00,191.22
2020-01-02 14:30:00,190.52
2020-01-02 15:00:00,259.87
2020-01-02 15:30:00,254.57
2020-01-02 16:00:00,217.73
2020-01-02 16:30:00,217.9
2020-01-02 17:00:00,182.56
2020-01-02 17:30:00,100.78
2020-01-02 18:00:00,107.89
2020-01-02 18:30:00,101.88
2020-01-02 19:00:00,104.77
2020-01-02 19:30:00,103.77
2020-01-02 20:00:00,103.57
2020-01-02 20:30:00,96.49
2020-01-02 21:00:00,99.91
2020-01-02 21:30:00,90.79
2020-01-02 22:00:00,88.53
2020-01-02 22:30:00,81.04
2020-01-02 23:00:00,81.95
2020-01-02 23:30:00,76.13
2020-01-03 00:00:00,74.54
2020-01-03 00:30:00,70.95
2020-01-03 01:00:00,70.06
2020-01-03 01:30:00,69.17
2020-01-03 02:00:00,68.22
2020-01-03 02:30:00,66.35
2020-01-03 03:00:00,66.32
2020-01-03 03:30:00,65.33
2020-01-03 04:00:00,65.32
2020-01-03 04:30:00,66.4
2020-01-03 05:00:00,68.32
2020-01-03 05:30:00,70.84
2020-01-03 06:00:00,76.38
2020-01-03 06:30:00,81.26
2020-01-03 07:00:00,82.13
2020-01-03 07:30:00,93.14
2020-01-03 08:00:00,103.33
2020-01-03 08:30:00,105.68
2020-01-03 09:00:00,165.15
2020-01-03 09:30:00,216.22
2020-01-03 10:00:00,191.41
2020-01-03 10:30:00,217.99
2020-01-03 11:00:00,212.98
2020-01-03 11:30:00,217.74
2020-01-03 12:00:00,214.81
2020-01-03 12:30:00,237.13
2020-01-03 13:00:00,264.98
2020-01-03 13:30:00,195.83
2020-01-03 14:00:00,264.76
2020-01-03 14:30:00,252.66
2020-01-03 15:00:00,269.7
2020-01-03 15:30:00,269.6
2020-01-03 16:00:00,267.21
2020-01-03 16:30:00,259.85
2020-01-03 17:00:00,186.98
2020-01-03 17:30:00,125.79
2020-01-03 18:00:00,124.8
2020-01-03 18:30:00,124.52
2020-01-03 19:00:00,114.87
2020-01-03 19:30:00,111.84
2020-01-03 20:00:00,113.88
2020-01-03 20:30:00,101.39
2020-01-03 21:00:00,100.08
2020-01-03 21:30:00,93.52
2020-01-03 22:00:00,90.76
2020-01-03 22:30:00,84.49
2020-01-03 23:00:00,84.37
2020-01-03 23:30:00,80.66
2020-01-04 00:00:00,81.09
2020-01-04 00:30:00,77.37
2020-01-04 01:00:00,76.76
2020-01-04 01:30:00,71.62
2020-01-04 02:00:00,70.71
2020-01-04 02:30:00,69.96
2020-01-04 03:00:00,69.4
2020-01-04 03:30:00,68.83
2020-01-04 04:00:00,68.82
2020-01-04 04:30:00,69.4
2020-01-04 05:00:00,69.55
2020-01-04 05:30:00,71.04
2020-01-04 06:00:00,73.03
2020-01-04 06:30:00,74.79
2020-01-04 07:00:00,75.46
2020-01-04 07:30:00,80.32
2020-01-04 08:00:00,86.59
2020-01-04 08:30:00,85.33
2020-01-04 09:00:00,98.8
2020-01-04 09:30:00,119.3
2020-01-04 10:00:00,138.22
2020-01-04 10:30:00,160.95
2020-01-04 11:00:00,144.92
2020-01-04 11:30:00,119.06
2020-01-04 12:00:00,103.85
2020-01-04 12:30:00,100.7
2020-01-04 13:00:00,99.86
2020-01-04 13:30:00,99.35
2020-01-04 14:00:00,95.83
2020-01-04 14:30:00,88.08
2020-01-04 15:00:00,85.63
2020-01-04 15:30:00,83.51
2020-01-04 16:00:00,83.39
2020-01-04 16:30:00,81.48
2020-01-04 17:00:00,81.38
2020-01-04 17:30:00,81.67
2020-01-04 18:00:00,81.62
2020-01-04 18:30:00,85.16
2020-01-04 19:00:00,86.63
2020-01-04 19:30:00,89.85
2020-01-04 20:00:00,89.64
2020-01-04 20:30:00,89.67
2020-01-04 21:00:00,85.18
2020-01-04 21:30:00,81.07
2020-01-04 22:00:00,81.56
2020-01-04 22:30:00,76.11
2020-01-04 23:00:00,79.23
2020-01-04 23:30:00,70.49
2020-01-05 00:00:00,72.81
2020-01-05 00:30:00,71.0
2020-01-05 01:00:00,67.68
2020-01-05 01:30:00,65.95
2020-01-05 02:00:00,62.63
2020-01-05 02:30:00,61.64
2020-01-05 03:00:00,60.82
2020-01-05 03:30:00,60.53
2020-01-05 04:00:00,60.2
2020-01-05 04:30:00,65.61
2020-01-05 05:00:00,65.89
2020-01-05 05:30:00,66.0
2020-01-05 06:00:00,65.86
2020-01-05 06:30:00,65.85
2020-01-05 07:00:00,67.44
2020-01-05 07:30:00,69.61
2020-01-05 08:00:00,72.59
2020-01-05 08:30:00,76.46
2020-01-05 09:00:00,78.25
2020-01-05 09:30:00,79.18
2020-01-05 10:00:00,79.13
2020-01-05 10:30:00,80.2
2020-01-05 11:00:00,80.27
2020-01-05 11:30:00,79.19
2020-01-05 12:00:00,78.83
2020-01-05 12:30:00,79.0
2020-01-05 13:00:00,79.2
2020-01-05 13:30:00,79.27
2020-01-05 14:00:00,78.17
2020-01-05 14:30:00,76.78
2020-01-05 15:00:00,77.93
2020-01-05 15:30:00,77.96
2020-01-05 16:00:00,78.73
2020-01-05 16:30:00,78.89
2020-01-05 17:00:00,78.62
2020-01-05 17:30:00,79.27
2020-01-05 18:00:00,79.32
2020-01-05 18:30:00,80.77
2020-01-05 19:00:00,80.91
2020-01-05 19:30:00,84.09
2020-01-05 20:00:00,85.32
2020-01-05 20:30:00,87.38
2020-01-05 21:00:00,86.52
2020-01-05 21:30:00,82.17
2020-01-05 22:00:00,81.29
2020-01-05 22:30:00,78.41
2020-01-05 23:00:00,76.27
2020-01-05 23:30:00,72.9
2020-01-06 00:00:00,76.63
2020-01-06 00:30:00,70.8
2020-01-06 01:00:00,65.38
2020-01-06 01:30:00,64.13
2020-01-06 02:00:00,63.76
2020-01-06 02:30:00,63.29
2020-01-06 03:00:00,61.91
2020-01-06 03:30:00,62.14
2020-01-06 04:00:00,62.13
2020-01-06 04:30:00,62.2
2020-01-06 05:00:00,62.53
2020-01-06 05:30:00,64.12
2020-01-06 06:00:00,70.75
2020-01-06 06:30:00,75.82
2020-01-06 07:00:00,75.84
2020-01-06 07:30:00,80.67
2020-01-06 08:00:00,82.49
2020-01-06 08:30:00,82.9
2020-01-06 09:00:00,84.47
2020-01-06 09:30:00,84.41
2020-01-06 10:00:00,86.11
2020-01-06 10:30:00,87.7
2020-01-06 11:00:00,85.58
2020-01-06 11:30:00,83.36
2020-01-06 12:00:00,82.0
2020-01-06 12:30:00,83.93
2020-01-06 13:00:00,83.22
2020-01-06 13:30:00,83.29
2020-01-06 14:00:00,83.23
2020-01-06 14:30:00,84.43
2020-01-06 15:00:00,85.53
2020-01-06 15:30:00,85.38
2020-01-06 16:00:00,84.81
2020-01-06 16:30:00,83.89
2020-01-06 17:00:00,82.73
2020-01-06 17:30:00,82.17
2020-01-06 18:00:00,80.95
2020-01-06 18:30:00,80.9
2020-01-06 19:00:00,80.97
2020-01-06 19:30:00,80.91
2020-01-06 20:00:00,80.99
2020-01-06 20:30:00,78.99
2020-01-06 21:00:00,77.44
2020-01-06 21:30:00,76.09
2020-01-06 22:00:00,74.39
2020-01-06 22:30:00,66.47
2020-01-06 23:00:00,64.91
2020-01-06 23:30:00,62.22
2020-01-07 00:00:00,60.85
2020-01-07 00:30:00,60.19
2020-01-07 01:00:00,60.24
2020-01-07 01:30:00,55.99
2020-01-07 02:00:00,55.81
2020-01-07 02:30:00,50.18
2020-01-07 03:00:00,45.89
2020-01-07 03:30:00,45.68
2020-01-07 04:00:00,45.89
2020-01-07 04:30:00,50.26
2020-01-07 05:00:00,58.86
2020-01-07 05:30:00,60.43
2020-01-07 06:00:00,61.79
2020-01-07 06:30:00,66.61
2020-01-07 07:00:00,68.05
2020-01-07 07:30:00,70.8
2020-01-07 08:00:00,75.14
2020-01-07 08:30:00,80.89
2020-01-07 09:00:00,83.83
2020-01-07 09:30:00,81.78
2020-01-07 10:00:00,83.7
2020-01-07 10:30:00,85.12
2020-01-07 11:00:00,82.97
2020-01-07 11:30:00,81.43
2020-01-07 12:00:00,80.3
2020-01-07 12:30:00,86.67
2020-01-07 13:00:00,86.44
2020-01-07 13:30:00,86.27
2020-01-07 14:00:00,86.81
2020-01-07 14:30:00,87.33
2020-01-07 15:00:00,88.71
2020-01-07 15:30:00,88.93
2020-01-07 16:00:00,88.25
2020-01-07 16:30:00,87.79
2020-01-07 17:00:00,83.85
2020-01-07 17:30:00,81.78
2020-01-07 18:00:00,80.78
2020-01-07 18:30:00,81.96
2020-01-07 19:00:00,85.7
2020-01-07 19:30:00,83.14
2020-01-07 20:00:00,85.11
2020-01-07 20:30:00,78.91
2020-01-07 21:00:00,77.1
2020-01-07 21:30:00,75.38
2020-01-07 22:00:00,71.4
2020-01-07 22:30:00,70.04
2020-01-07 23:00:00,68.33
2020-01-07 23:30:00,65.77
2020-01-08 00:00:00,53.85
2020-01-08 00:30:00,69.74
2020-01-08 01:00:00,55.0
2020-01-08 01:30:00,53.31
2020-01-08 02:00:00,52.34
2020-01-08 02:30:00,52.14
2020-01-08 03:00:00,52.02
2020-01-08 03:30:00,51.9
2020-01-08 04:00:00,52.11
2020-01-08 04:30:00,52.2
2020-01-08 05:00:00,53.15
2020-01-08 05:30:00,69.06
2020-01-08 06:00:00,73.27
2020-01-08 06:30:00,79.98
2020-01-08 07:00:00,80.71
2020-01-08 07:30:00,88.33
2020-01-08 08:00:00,92.69
2020-01-08 08:30:00,93.94
2020-01-08 09:00:00,92.17
2020-01-08 09:30:00,92.33
2020-01-08 10:00:00,92.41
2020-01-08 10:30:00,89.84
2020-01-08 11:00:00,89.58
2020-01-08 11:30:00,89.37
2020-01-08 12:00:00,87.52
2020-01-08 12:30:00,89.42
2020-01-08 13:00:00,89.63
2020-01-08 13:30:00,89.78
2020-01-08 14:00:00,89.28
2020-01-08 14:30:00,89.59
2020-01-08 15:00:00,89.61
2020-01-08 15:30:00,89.69
2020-01-08 16:00:00,89.38
2020-01-08 16:30:00,89.4
2020-01-08 17:00:00,89.0
2020-01-08 17:30:00,83.04
2020-01-08 18:00:00,83.29
2020-01-08 18:30:00,84.56
2020-01-08 19:00:00,89.67
2020-01-08 19:30:00,87.71
2020-01-08 20:00:00,89.56
2020-01-08 20:30:00,83.42
2020-01-08 21:00:00,82.31
2020-01-08 21:30:00,79.1
2020-01-08 22:00:00,78.75
2020-01-08 22:30:00,72.74
2020-01-08 23:00:00,71.67
2020-01-08 23:30:00,60.69
2020-01-09 00:00:00,52.73
2020-01-09 00:30:00,52.04
2020-01-09 01:00:00,52.0
2020-01-09 01:30:00,50.96
2020-01-09 02:00:00,49.88
2020-01-09 02:30:00,49.69
2020-01-09 03:00:00,49.71
2020-01-09 03:30:00,49.18
2020-01-09 04:00:00,49.61
2020-01-09 04:30:00,49.54
2020-01-09 05:00:00,50.87
2020-01-09 05:30:00,52.6
2020-01-09 06:00:00,56.36
2020-01-09 06:30:00,63.09
2020-01-09 07:00:00,65.41
2020-01-09 07:30:00,73.72
2020-01-09 08:00:00,78.39
2020-01-09 08:30:00,87.08
2020-01-09 09:00:00,90.36
2020-01-09 09:30:00,90.38
2020-01-09 10:00:00,91.54
2020-01-09 10:30:00,92.27
2020-01-09 11:00:00,91.33
2020-01-09 11:30:00,89.08
2020-01-09 12:00:00,88.94
2020-01-09 12:30:00,89.26
2020-01-09 13:00:00,88.64
2020-01-09 13:30:00,88.26
2020-01-09 14:00:00,88.89
2020-01-09 14:30:00,87.7
2020-01-09 15:00:00,88.52
2020-01-09 15:30:00,89.72
2020-01-09 16:00:00,88.28
2020-01-09 16:30:00,88.48
2020-01-09 17:00:00,88.37
2020-01-09 17:30:00,82.37
2020-01-09 18:00:00,82.35
2020-01-09 18:30:00,82.89
2020-01-09 19:00:00,83.14
2020-01-09 19:30:00,83.21
2020-01-09 20:00:00,82.99
2020-01-09 20:30:00,80.23
2020-01-09 21:00:00,77.86
2020-01-09 21:30:00,75.64
2020-01-09 22:00:00,74.62
2020-01-09 22:30:00,65.32
2020-01-09 23:00:00,63.33
2020-01-09 23:30:00,61.62
2020-01-10 00:00:00,69.21
2020-01-10 00:30:00,54.67
2020-01-10 01:00:00,52.91
2020-01-10 01:30:00,52.46
2020-01-10 02:00:00,52.26
2020-01-10 02:30:00,52.0
2020-01-10 03:00:00,51.88
2020-01-10 03:30:00,51.14
2020-01-10 04:00:00,51.35
2020-01-10 04:30:00,51.93
2020-01-10 05:00:00,52.27
2020-01-10 05:30:00,53.23
2020-01-10 06:00:00,63.66
2020-01-10 06:30:00,71.32
2020-01-10 07:00:00,71.24
2020-01-10 07:30:00,74.57
2020-01-10 08:00:00,76.24
2020-01-10 08:30:00,81.25
2020-01-10 09:00:00,83.47
2020-01-10 09:30:00,87.06
2020-01-10 10:00:00,89.37
2020-01-10 10:30:00,89.38
2020-01-10 11:00:00,89.28
2020-01-10 11:30:00,83.4
2020-01-10 12:00:00,83.09
2020-01-10 12:30:00,82.8
2020-01-10 13:00:00,87.27
2020-01-10 13:30:00,88.89
2020-01-10 14:00:00,89.48
2020-01-10 14:30:00,90.61
2020-01-10 15:00:00,92.48
2020-01-10 15:30:00,92.16
2020-01-10 16:00:00,89.73
2020-01-10 16:30:00,89.04
2020-01-10 17:00:00,86.71
2020-01-10 17:30:00,83.25
2020-01-10 18:00:00,83.57
2020-01-10 18:30:00,83.73
2020-01-10 19:00:00,86.88
2020-01-10 19:30:00,83.91
2020-01-10 20:00:00,83.41
2020-01-10 20:30:00,78.73
2020-01-10 21:00:00,78.63
2020-01-10 21:30:00,73.49
2020-01-10 22:00:00,73.38
2020-01-10 22:30:00,71.57
2020-01-10 23:00:00,78.56
2020-01-10 23:30:00,75.03
2020-01-11 00:00:00,71.34
2020-01-11 00:30:00,70.03
2020-01-11 01:00:00,68.79
2020-01-11 01:30:00,54.47
2020-01-11 02:00:00,53.74
2020-01-11 02:30:00,53.49
2020-01-11 03:00:00,52.69
2020-01-11 03:30:00,52.62
2020-01-11 04:00:00,52.66
2020-01-11 04:30:00,52.88
2020-01-11 05:00:00,53.24
2020-01-11 05:30:00,53.2
2020-01-11 06:00:00,54.79
2020-01-11 06:30:00,65.65
2020-01-11 07:00:00,70.81
2020-01-11 07:30:00,73.71
2020-01-11 08:00:00,76.56
2020-01-11 08:30:00,79.3
2020-01-11 09:00:00,86.03
2020-01-11 09:30:00,86.78
2020-01-11 10:00:00,91.27
2020-01-11 10:30:00,91.14
2020-01-11 11:00:00,86.37
2020-01-11 11:30:00,86.34
2020-01-11 12:00:00,85.79
2020-01-11 12:30:00,82.04
2020-01-11 13:00:00,85.65
2020-01-11 13:30:00,85.8
2020-01-11 14:00:00,85.85
2020-01-11 14:30:00,86.01
2020-01-11 15:00:00,86.08
2020-01-11 15:30:00,86.06
2020-01-11 16:00:00,82.17
2020-01-11 16:30:00,80.58
2020-01-11 17:00:00,80.34
2020-01-11 17:30:00,80.14
2020-01-11 18:00:00,82.5
2020-01-11 18:30:00,85.59
2020-01-11 19:00:00,85.5
2020-01-11 19:30:00,85.55
2020-01-11 20:00:00,85.74
2020-01-11 20:30:00,85.6
2020-01-11 21:00:00,86.16
2020-01-11 21:30:00,85.62
2020-01-11 22:00:00,84.81
2020-01-11 22:30:00,78.43
2020-01-11 23:00:00,77.25
2020-01-11 23:30:00,76.22
2020-01-12 00:00:00,76.09
2020-01-12 00:30:00,75.54
2020-01-12 01:00:00,73.57
2020-01-12 01:30:00,71.8
2020-01-12 02:00:00,65.9
2020-01-12 02:30:00,54.55
2020-01-12 03:00:00,53.55
2020-01-12 03:30:00,53.37
2020-01-12 04:00:00,52.78
2020-01-12 04:30:00,53.59
2020-01-12 05:00:00,53.49
2020-01-12 05:30:00,53.83
2020-01-12 06:00:00,53.94
2020-01-12 06:30:00,53.3
2020-01-12 07:00:00,54.59
2020-01-12 07:30:00,70.39
2020-01-12 08:00:00,73.08
2020-01-12 08:30:00,74.99
2020-01-12 09:00:00,75.73
2020-01-12 09:30:00,80.51
2020-01-12 10:00:00,80.57
2020-01-12 10:30:00,82.61
2020-01-12 11:00:00,80.67
2020-01-12 11:30:00,80.46
2020-01-12 12:00:00,78.11
2020-01-12 12:30:00,80.47
2020-01-12 13:00:00,80.62
2020-01-12 13:30:00,80.27
2020-01-12 14:00:00,80.51
2020-01-12 14:30:00,80.49
2020-01-12 15:00:00,82.58
2020-01-12 15:30:00,85.41
2020-01-12 16:00:00,84.2
2020-01-12 16:30:00,85.23
2020-01-12 17:00:00,84.18
2020-01-12 17:30:00,84.2
2020-01-12 18:00:00,85.56
2020-01-12 18:30:00,87.83
2020-01-12 19:00:00,91.12
2020-01-12 19:30:00,91.07
2020-01-12 20:00:00,91.52
2020-01-12 20:30:00,92.32
2020-01-12 21:00:00,89.52
2020-01-12 21:30:00,85.9
2020-01-12 22:00:00,86.2
2020-01-12 22:30:00,81.21
2020-01-12 23:00:00,76.79
2020-01-12 23:30:00,75.87
2020-01-13 00:00:00,72.15
2020-01-13 00:30:00,70.27
2020-01-13 01:00:00,65.73
2020-01-13 01:30:00,53.26
2020-01-13 02:00:00,52.17
2020-01-13 02:30:00,51.94
2020-01-13 03:00:00,51.87
2020-01-13 03:30:00,52.12
2020-01-13 04:00:00,51.96
2020-01-13 04:30:00,52.14
2020-01-13 05:00:00,52.46
2020-01-13 05:30:00,69.83
2020-01-13 06:00:00,73.83
2020-01-13 06:30:00,79.49
2020-01-13 07:00:00,79.53
2020-01-13 07:30:00,85.83
2020-01-13 08:00:00,90.17
2020-01-13 08:30:00,94.9
2020-01-13 09:00:00,104.11
2020-01-13 09:30:00,124.52
2020-01-13 10:00:00,189.13
2020-01-13 10:30:00,190.93
2020-01-13 11:00:00,124.45
2020-01-13 11:30:00,104.46
2020-01-13 12:00:00,93.72
2020-01-13 12:30:00,90.64
2020-01-13 13:00:00,88.44
2020-01-13 13:30:00,89.33
2020-01-13 14:00:00,88.98
2020-01-13 14:30:00,89.1
2020-01-13 15:00:00,89.65
2020-01-13 15:30:00,90.51
2020-01-13 16:00:00,89.73
2020-01-13 16:30:00,89.69
2020-01-13 17:00:00,89.16
2020-01-13 17:30:00,88.12
2020-01-13 18:00:00,88.37
2020-01-13 18:30:00,89.95
2020-01-13 19:00:00,90.68
2020-01-13 19:30:00,88.91
2020-01-13 20:00:00,89.7
2020-01-13 20:30:00,85.76
2020-01-13 21:00:00,82.64
2020-01-13 21:30:00,80.65
2020-01-13 22:00:00,76.48
2020-01-13 22:30:00,72.42
2020-01-13 23:00:00,69.82
2020-01-13 23:30:00,59.04
2020-01-14 00:00:00,52.74
2020-01-14 00:30:00,52.36
2020-01-14 01:00:00,52.02
2020-01-14 01:30:00,51.16
2020-01-14 02:00:00,50.76
2020-01-14 02:30:00,49.79
2020-01-14 03:00:00,48.34
2020-01-14 03:30:00,48.58
2020-01-14 04:00:00,48.45
2020-01-14 04:30:00,49.86
2020-01-14 05:00:00,51.09
2020-01-14 05:30:00,52.84
2020-01-14 06:00:00,54.22
2020-01-14 06:30:00,71.05
2020-01-14 07:00:00,71.26
2020-01-14 07:30:00,74.6
2020-01-14 08:00:00,76.3
2020-01-14 08:30:00,82.3
2020-01-14 09:00:00,86.92
2020-01-14 09:30:00,88.78
2020-01-14 10:00:00,88.64
2020-01-14 10:30:00,88.75
2020-01-14 11:00:00,88.72
2020-01-14 11:30:00,87.48
2020-01-14 12:00:00,86.71
2020-01-14 12:30:00,86.88
2020-01-14 13:00:00,87.28
2020-01-14 13:30:00,88.06
2020-01-14 14:00:00,88.14
2020-01-14 14:30:00,87.94
2020-01-14 15:00:00,88.4
2020-01-14 15:30:00,88.37
2020-01-14 16:00:00,88.96
2020-01-14 16:30:00,88.78
2020-01-14 17:00:00,88.01
2020-01-14 17:30:00,85.91
2020-01-14 18:00:00,84.9
2020-01-14 18:30:00,86.59
2020-01-14 19:00:00,88.37
2020-01-14 19:30:00,86.64
2020-01-14 20:00:00,86.66
2020-01-14 20:30:00,81.85
2020-01-14 21:00:00,81.0
2020-01-14 21:30:00,78.52
2020-01-14 22:00:00,75.46
2020-01-14 22:30:00,73.63
2020-01-14 23:00:00,71.92
2020-01-14 23:30:00,56.8
2020-01-15 00:00:00,52.63
2020-01-15 00:30:00,51.74
2020-01-15 01:00:00,51.06
2020-01-15 01:30:00,50.7
2020-01-15 02:00:00,50.01
2020-01-15 02:30:00,49.8
2020-01-15 03:00:00,49.78
2020-01-15 03:30:00,49.62
2020-01-15 04:00:00,49.77
2020-01-15 04:30:00,49.82
2020-01-15 05:00:00,50.55
2020-01-15 05:30:00,52.66
2020-01-15 06:00:00,54.85
2020-01-15 06:30:00,62.87
2020-01-15 07:00:00,61.89
2020-01-15 07:30:00,69.68
2020-01-15 08:00:00,76.04
2020-01-15 08:30:00,80.66
2020-01-15 09:00:00,86.55
2020-01-15 09:30:00,86.58
2020-01-15 10:00:00,88.77
2020-01-15 10:30:00,89.16
2020-01-15 11:00:00,88.78
2020-01-15 11:30:00,86.65
2020-01-15 12:00:00,85.72
2020-01-15 12:30:00,86.15
2020-01-15 13:00:00,87.18
2020-01-15 13:30:00,88.83
2020-01-15 14:00:00,88.83
2020-01-15 14:30:00,88.65
2020-01-15 15:00:00,87.16
2020-01-15 15:30:00,87.08
2020-01-15 16:00:00,86.88
2020-01-15 16:30:00,86.21
2020-01-15 17:00:00,85.18
2020-01-15 17:30:00,80.33
2020-01-15 18:00:00,80.23
2020-01-15 18:30:00,80.61
2020-01-15 19:00:00,82.96
2020-01-15 19:30:00,80.95
2020-01-15 20:00:00,80.79
2020-01-15 20:30:00,78.15
2020-01-15 21:00:00,76.04
2020-01-15 21:30:00,75.85
2020-01-15 22:00:00,75.85
2020-01-15 22:30:00,64.73
2020-01-15 23:00:00,63.49
2020-01-15 23:30:00,59.18
2020-01-16 00:00:00,54.43
2020-01-16 00:30:00,52.53
2020-01-16 01:00:00,51.65
2020-01-16 01:30:00,51.69
2020-01-16 02:00:00,51.24
2020-01-16 02:30:00,50.57
2020-01-16 03:00:00,50.82
2020-01-16 03:30:00,50.96
2020-01-16 04:00:00,50.36
2020-01-16 04:30:00,50.7
2020-01-16 05:00:00,51.35
2020-01-16 05:30:00,52.46
2020-01-16 06:00:00,63.94
2020-01-16 06:30:00,71.28
2020-01-16 07:00:00,71.78
2020-01-16 07:30:00,75.03
2020-01-16 08:00:00,80.23
2020-01-16 08:30:00,84.56
2020-01-16 09:00:00,88.19
2020-01-16 09:30:00,84.67
2020-01-16 10:00:00,84.57
2020-01-16 10:30:00,84.28
2020-01-16 11:00:00,83.19
2020-01-16 11:30:00,82.58
2020-01-16 12:00:00,81.41
2020-01-16 12:30:00,82.11
2020-01-16 13:00:00,82.3
2020-01-16 13:30:00,82.8
2020-01-16 14:00:00,82.72
2020-01-16 14:30:00,82.1
2020-01-16 15:00:00,84.12
2020-01-16 15:30:00,85.42
2020-01-16 16:00:00,83.41
2020-01-16 16:30:00,99.99
2020-01-16 17:00:00,98.61
2020-01-16 17:30:00,88.15
2020-01-16 18:00:00,88.62
2020-01-16 18:30:00,84.86
2020-01-16 19:00:00,88.85
2020-01-16 19:30:00,89.22
2020-01-16 20:00:00,88.51
2020-01-16 20:30:00,88.5
2020-01-16 21:00:00,85.06
2020-01-16 21:30:00,81.82
2020-01-16 22:00:00,78.42
2020-01-16 22:30:00,74.73
2020-01-16 23:00:00,71.07
2020-01-16 23:30:00,57.77
2020-01-17 00:00:00,53.53
2020-01-17 00:30:00,54.86
2020-01-17 01:00:00,53.58
2020-01-17 01:30:00,52.85
2020-01-17 02:00:00,52.62
2020-01-17 02:30:00,52.22
2020-01-17 03:00:00,52.03
2020-01-17 03:30:00,51.47
2020-01-17 04:00:00,51.74
2020-01-17 04:30:00,51.92
2020-01-17 05:00:00,52.37
2020-01-17 05:30:00,53.96
2020-01-17 06:00:00,70.78
2020-01-17 06:30:00,73.9
2020-01-17 07:00:00,74.34
2020-01-17 07:30:00,78.44
2020-01-17 08:00:00,80.75
2020-01-17 08:30:00,81.25
2020-01-17 09:00:00,81.05
2020-01-17 09:30:00,82.21
2020-01-17 10:00:00,82.6
2020-01-17 10:30:00,82.11
2020-01-17 11:00:00,82.68
2020-01-17 11:30:00,82.16
2020-01-17 12:00:00,82.29
2020-01-17 12:30:00,81.25
2020-01-17 13:00:00,81.64
2020-01-17 13:30:00,79.77
2020-01-17 14:00:00,79.58
2020-01-17 14:30:00,81.29
2020-01-17 15:00:00,82.27
2020-01-17 15:30:00,82.3
2020-01-17 16:00:00,82.47
2020-01-17 16:30:00,81.41
2020-01-17 17:00:00,81.61
2020-01-17 17:30:00,83.93
2020-01-17 18:00:00,84.42
2020-01-17 18:30:00,84.03
2020-01-17 19:00:00,84.45
2020-01-17 19:30:00,85.29
2020-01-17 20:00:00,84.67
2020-01-17 20:30:00,81.46
2020-01-17 21:00:00,80.05
2020-01-17 21:30:00,79.56
2020-01-17 22:00:00,78.45
2020-01-17 22:30:00,73.11
2020-01-17 23:00:00,77.69
2020-01-17 23:30:00,73.71
2020-01-18 00:00:00,73.29
2020-01-18 00:30:00,73.03
2020-01-18 01:00:00,71.06
2020-01-18 01:30:00,71.05
2020-01-18 02:00:00,69.15
2020-01-18 02:30:00,55.34
2020-01-18 03:00:00,54.09
2020-01-18 03:30:00,53.54
2020-01-18 04:00:00,53.67
2020-01-18 04:30:00,54.36
2020-01-18 05:00:00,53.55
2020-01-18 05:30:00,55.39
2020-01-18 06:00:00,57.76
2020-01-18 06:30:00,69.05
2020-01-18 07:00:00,70.89
2020-01-18 07:30:00,73.18
2020-01-18 08:00:00,80.15
2020-01-18 08:30:00,83.37
2020-01-18 09:00:00,85.7
2020-01-18 09:30:00,85.98
2020-01-18 10:00:00,85.95
2020-01-18 10:30:00,86.08
2020-01-18 11:00:00,85.04
2020-01-18 11:30:00,82.86
2020-01-18 12:00:00,80.45
2020-01-18 12:30:00,79.41
2020-01-18 13:00:00,80.07
2020-01-18 13:30:00,80.21
2020-01-18 14:00:00,79.78
2020-01-18 14:30:00,79.9
2020-01-18 15:00:00,79.39
2020-01-18 15:30:00,79.14
2020-01-18 16:00:00,76.48
2020-01-18 16:30:00,76.42
2020-01-18 17:00:00,76.26
2020-01-18 17:30:00,75.62
2020-01-18 18:00:00,76.28
2020-01-18 18:30:00,78.08
2020-01-18 19:00:00,79.45
2020-01-18 19:30:00,79.93
2020-01-18 20:00:00,79.9
2020-01-18 20:30:00,79.86
2020-01-18 21:00:00,79.46
2020-01-18 21:30:00,76.09
2020-01-18 22:00:00,74.32
2020-01-18 22:30:00,73.59
2020-01-18 23:00:00,75.42
2020-01-18 23:30:00,73.57
2020-01-19 00:00:00,72.58
2020-01-19 00:30:00,71.88
2020-01-19 01:00:00,68.87
2020-01-19 01:30:00,67.23
2020-01-19 02:00:00,56.02
2020-01-19 02:30:00,55.1
2020-01-19 03:00:00,52.85
2020-01-19 03:30:00,52.2
2020-01-19 04:00:00,52.25
2020-01-19 04:30:00,52.43
2020-01-19 05:00:00,52.52
2020-01-19 05:30:00,53.05
2020-01-19 06:00:00,53.29
2020-01-19 06:30:00,54.4
2020-01-19 07:00:00,55.87
2020-01-19 07:30:00,66.84
2020-01-19 08:00:00,70.93
2020-01-19 08:30:00,72.71
2020-01-19 09:00:00,73.48
2020-01-19 09:30:00,78.74
2020-01-19 10:00:00,79.39
2020-01-19 10:30:00,79.44
2020-01-19 11:00:00,79.36
2020-01-19 11:30:00,78.52
2020-01-19 12:00:00,77.35
2020-01-19 12:30:00,78.6
2020-01-19 13:00:00,77.17
2020-01-19 13:30:00,78.22
2020-01-19 14:00:00,79.12
2020-01-19 14:30:00,79.13
2020-01-19 15:00:00,79.21
2020-01-19 15:30:00,79.15
2020-01-19 16:00:00,80.6
2020-01-19 16:30:00,80.49
2020-01-19 17:00:00,79.1
2020-01-19 17:30:00,80.28
2020-01-19 18:00:00,80.46
2020-01-19 18:30:00,85.96
2020-01-19 19:00:00,90.09
2020-01-19 19:30:00,91.14
2020-01-19 20:00:00,95.91
2020-01-19 20:30:00,98.23
2020-01-19 21:00:00,95.89
2020-01-19 21:30:00,90.09
2020-01-19 22:00:00,85.73
2020-01-19 22:30:00,80.7
2020-01-19 23:00:00,79.29
2020-01-19 23:30:00,73.8
2020-01-20 00:00:00,73.18
2020-01-20 00:30:00,72.23
2020-01-20 01:00:00,70.22
2020-01-20 01:30:00,68.14
2020-01-20 02:00:00,66.78
2020-01-20 02:30:00,66.47
2020-01-20 03:00:00,52.98
2020-01-20 03:30:00,52.11
2020-01-20 04:00:00,52.1
2020-01-20 04:30:00,52.36
2020-01-20 05:00:00,54.34
2020-01-20 05:30:00,68.17
2020-01-20 06:00:00,71.12
2020-01-20 06:30:00,74.01
2020-01-20 07:00:00,72.42
2020-01-20 07:30:00,75.47
2020-01-20 08:00:00,75.84
2020-01-20 08:30:00,80.29
2020-01-20 09:00:00,81.49
2020-01-20 09:30:00,79.57
2020-01-20 10:00:00,80.33
2020-01-20 10:30:00,80.75
2020-01-20 11:00:00,81.44
2020-01-20 11:30:00,81.16
2020-01-20 12:00:00,81.98
2020-01-20 12:30:00,83.84
2020-01-20 13:00:00,84.49
2020-01-20 13:30:00,85.03
2020-01-20 14:00:00,84.14
2020-01-20 14:30:00,83.8
2020-01-20 15:00:00,84.17
2020-01-20 15:30:00,83.74
2020-01-20 16:00:00,82.57
2020-01-20 16:30:00,82.96
2020-01-20 17:00:00,82.3
2020-01-20 17:30:00,80.84
2020-01-20 18:00:00,82.3
2020-01-20 18:30:00,82.54
2020-01-20 19:00:00,83.72
2020-01-20 19:30:00,82.97
2020-01-20 20:00:00,84.72
2020-01-20 20:30:00,88.72
2020-01-20 21:00:00,88.24
2020-01-20 21:30:00,82.65
2020-01-20 22:00:00,82.33
2020-01-20 22:30:00,79.16
2020-01-20 23:00:00,78.41
2020-01-20 23:30:00,75.37
2020-01-21 00:00:00,85.8
2020-01-21 00:30:00,81.26
2020-01-21 01:00:00,74.03
2020-01-21 01:30:00,73.39
2020-01-21 02:00:00,71.74
2020-01-21 02:30:00,71.62
2020-01-21 03:00:00,70.79
2020-01-21 03:30:00,70.77
2020-01-21 04:00:00,70.68
2020-01-21 04:30:00,70.81
2020-01-21 05:00:00,71.25
2020-01-21 05:30:00,73.99
2020-01-21 06:00:00,80.29
2020-01-21 06:30:00,85.3
2020-01-21 07:00:00,84.32
2020-01-21 07:30:00,88.12
2020-01-21 08:00:00,90.87
2020-01-21 08:30:00,91.09
2020-01-21 09:00:00,90.05
2020-01-21 09:30:00,89.39
2020-01-21 10:00:00,90.39
2020-01-21 10:30:00,90.36
2020-01-21 11:00:00,90.69
2020-01-21 11:30:00,88.87
2020-01-21 12:00:00,86.33
2020-01-21 12:30:00,85.63
2020-01-21 13:00:00,88.18
2020-01-21 13:30:00,89.16
2020-01-21 14:00:00,89.43
2020-01-21 14:30:00,88.13
2020-01-21 15:00:00,86.2
2020-01-21 15:30:00,88.27
2020-01-21 16:00:00,89.2
2020-01-21 16:30:00,88.76
2020-01-21 17:00:00,86.82
2020-01-21 17:30:00,85.71
2020-01-21 18:00:00,85.74
2020-01-21 18:30:00,89.0
2020-01-21 19:00:00,89.51
2020-01-21 19:30:00,88.97
2020-01-21 20:00:00,86.06
2020-01-21 20:30:00,85.03
2020-01-21 21:00:00,82.97
2020-01-21 21:30:00,87.25
2020-01-21 22:00:00,83.71
2020-01-21 22:30:00,85.48
2020-01-21 23:00:00,81.42
2020-01-21 23:30:00,74.93
2020-01-22 00:00:00,74.47
2020-01-22 00:30:00,72.67
2020-01-22 01:00:00,71.39
2020-01-22 01:30:00,70.55
2020-01-22 02:00:00,55.15
2020-01-22 02:30:00,54.75
2020-01-22 03:00:00,53.89
2020-01-22 03:30:00,53.14
2020-01-22 04:00:00,53.48
2020-01-22 04:30:00,54.97
2020-01-22 05:00:00,65.87
2020-01-22 05:30:00,72.48
2020-01-22 06:00:00,74.06
2020-01-22 06:30:00,75.42
2020-01-22 07:00:00,79.39
2020-01-22 07:30:00,84.56
2020-01-22 08:00:00,86.49
2020-01-22 08:30:00,85.65
2020-01-22 09:00:00,86.61
2020-01-22 09:30:00,86.58
2020-01-22 10:00:00,89.16
2020-01-22 10:30:00,89.94
2020-01-22 11:00:00,89.39
2020-01-22 11:30:00,87.06
2020-01-22 12:00:00,85.69
2020-01-22 12:30:00,86.83
2020-01-22 13:00:00,88.77
2020-01-22 13:30:00,89.84
2020-01-22 14:00:00,89.1
2020-01-22 14:30:00,89.27
2020-01-22 15:00:00,89.35
2020-01-22 15:30:00,89.9
2020-01-22 16:00:00,88.79
2020-01-22 16:30:00,87.01
2020-01-22 17:00:00,86.47
2020-01-22 17:30:00,84.43
2020-01-22 18:00:00,85.64
2020-01-22 18:30:00,87.52
2020-01-22 19:00:00,90.22
2020-01-22 19:30:00,90.06
2020-01-22 20:00:00,89.49
2020-01-22 20:30:00,87.01
2020-01-22 21:00:00,89.23
2020-01-22 21:30:00,87.27
2020-01-22 22:00:00,89.87
2020-01-22 22:30:00,105.73
2020-01-22 23:00:00,89.42
2020-01-22 23:30:00,87.18
2020-01-23 00:00:00,86.93
2020-01-23 00:30:00,83.72
2020-01-23 01:00:00,80.13
2020-01-23 01:30:00,75.39
2020-01-23 02:00:00,75.09
2020-01-23 02:30:00,74.54
2020-01-23 03:00:00,74.43
2020-01-23 03:30:00,73.31
2020-01-23 04:00:00,73.58
2020-01-23 04:30:00,74.37
2020-01-23 05:00:00,74.81
2020-01-23 05:30:00,84.09
2020-01-23 06:00:00,87.48
2020-01-23 06:30:00,90.67
2020-01-23 07:00:00,89.6
2020-01-23 07:30:00,99.42
2020-01-23 08:00:00,91.57
2020-01-23 08:30:00,95.65
2020-01-23 09:00:00,88.34
2020-01-23 09:30:00,88.74
2020-01-23 10:00:00,96.65
2020-01-23 10:30:00,97.27
2020-01-23 11:00:00,93.12
2020-01-23 11:30:00,88.72
2020-01-23 12:00:00,88.91
2020-01-23 12:30:00,88.89
2020-01-23 13:00:00,90.34
2020-01-23 13:30:00,90.42
2020-01-23 14:00:00,90.19
2020-01-23 14:30:00,89.1
2020-01-23 15:00:00,89.97
2020-01-23 15:30:00,89.79
2020-01-23 16:00:00,90.28
2020-01-23 16:30:00,89.05
2020-01-23 17:00:00,88.45
2020-01-23 17:30:00,88.5
2020-01-23 18:00:00,88.45
2020-01-23 18:30:00,88.59
2020-01-23 19:00:00,89.18
2020-01-23 19:30:00,89.17
2020-01-23 20:00:00,88.94
2020-01-23 20:30:00,86.73
2020-01-23 21:00:00,85.69
2020-01-23 21:30:00,87.65
2020-01-23 22:00:00,87.93
2020-01-23 22:30:00,88.62
2020-01-23 23:00:00,85.86
2020-01-23 23:30:00,80.13
2020-01-24 00:00:00,86.34
2020-01-24 00:30:00,84.43
2020-01-24 01:00:00,85.34
2020-01-24 01:30:00,84.09
2020-01-24 02:00:00,79.95
2020-01-24 02:30:00,78.82
2020-01-24 03:00:00,75.02
2020-01-24 03:30:00,74.02
2020-01-24 04:00:00,73.9
2020-01-24 04:30:00,75.46
2020-01-24 05:00:00,82.53
2020-01-24 05:30:00,85.72
2020-01-24 06:00:00,88.36
2020-01-24 06:30:00,91.12
2020-01-24 07:00:00,91.02
2020-01-24 07:30:00,102.6
2020-01-24 08:00:00,106.29
2020-01-24 08:30:00,106.48
2020-01-24 09:00:00,104.0
2020-01-24 09:30:00,106.23
2020-01-24 10:00:00,104.28
2020-01-24 10:30:00,94.9
2020-01-24 11:00:00,89.04
2020-01-24 11:30:00,89.41
2020-01-24 12:00:00,87.88
2020-01-24 12:30:00,87.18
2020-01-24 13:00:00,85.99
2020-01-24 13:30:00,85.14
2020-01-24 14:00:00,84.6
2020-01-24 14:30:00,82.73
2020-01-24 15:00:00,82.83
2020-01-24 15:30:00,85.21
2020-01-24 16:00:00,101.26
2020-01-24 16:30:00,89.77
2020-01-24 17:00:00,87.98
2020-01-24 17:30:00,88.3
2020-01-24 18:00:00,88.35
2020-01-24 18:30:00,90.81
2020-01-24 19:00:00,89.66
2020-01-24 19:30:00,89.57
2020-01-24 20:00:00,89.94
2020-01-24 20:30:00,89.03
2020-01-24 21:00:00,90.58
2020-01-24 21:30:00,95.62
2020-01-24 22:00:00,99.38
2020-01-24 22:30:00,91.0
2020-01-24 23:00:00,91.03
2020-01-24 23:30:00,88.24
2020-01-25 00:00:00,88.92
2020-01-25 00:30:00,87.96
2020-01-25 01:00:00,85.71
2020-01-25 01:30:00,82.97
2020-01-25 02:00:00,83.12
2020-01-25 02:30:00,76.46
2020-01-25 03:00:00,75.52
2020-01-25 03:30:00,68.47
2020-01-25 04:00:00,68.5
2020-01-25 04:30:00,68.63
2020-01-25 05:00:00,68.51
2020-01-25 05:30:00,70.63
2020-01-25 06:00:00,74.97
2020-01-25 06:30:00,74.85
2020-01-25 07:00:00,75.84
2020-01-25 07:30:00,76.29
2020-01-25 08:00:00,81.23
2020-01-25 08:30:00,79.1
2020-01-25 09:00:00,81.15
2020-01-25 09:30:00,81.58
2020-01-25 10:00:00,76.4
2020-01-25 10:30:00,76.13
2020-01-25 11:00:00,76.07
2020-01-25 11:30:00,71.01
2020-01-25 12:00:00,70.37
2020-01-25 12:30:00,74.89
2020-01-25 13:00:00,76.2
2020-01-25 13:30:00,76.05
2020-01-25 14:00:00,76.1
2020-01-25 14:30:00,76.1
2020-01-25 15:00:00,76.65
2020-01-25 15:30:00,76.68
2020-01-25 16:00:00,76.44
2020-01-25 16:30:00,81.23
2020-01-25 17:00:00,81.6
2020-01-25 17:30:00,82.19
2020-01-25 18:00:00,82.92
2020-01-25 18:30:00,85.21
2020-01-25 19:00:00,86.49
2020-01-25 19:30:00,87.83
2020-01-25 20:00:00,88.3
2020-01-25 20:30:00,88.33
2020-01-25 21:00:00,88.13
2020-01-25 21:30:00,88.36
2020-01-25 22:00:00,88.31
2020-01-25 22:30:00,86.66
2020-01-25 23:00:00,86.63
2020-01-25 23:30:00,85.6
2020-01-26 00:00:00,85.59
2020-01-26 00:30:00,81.26
2020-01-26 01:00:00,75.57
2020-01-26 01:30:00,71.42
2020-01-26 02:00:00,70.34
2020-01-26 02:30:00,69.29
2020-01-26 03:00:00,68.43
2020-01-26 03:30:00,67.15
2020-01-26 04:00:00,66.25
2020-01-26 04:30:00,67.32
2020-01-26 05:00:00,67.87
2020-01-26 05:30:00,69.11
2020-01-26 06:00:00,70.82
2020-01-26 06:30:00,72.03
2020-01-26 07:00:00,71.94
2020-01-26 07:30:00,80.9
2020-01-26 08:00:00,79.54
2020-01-26 08:30:00,81.33
2020-01-26 09:00:00,81.37
2020-01-26 09:30:00,83.52
2020-01-26 10:00:00,82.98
2020-01-26 10:30:00,82.23
2020-01-26 11:00:00,81.3
2020-01-26 11:30:00,81.18
2020-01-26 12:00:00,80.9
2020-01-26 12:30:00,80.66
2020-01-26 13:00:00,80.77
2020-01-26 13:30:00,80.86
2020-01-26 14:00:00,82.46
2020-01-26 14:30:00,82.96
2020-01-26 15:00:00,83.03
2020-01-26 15:30:00,83.25
2020-01-26 16:00:00,83.82
2020-01-26 16:30:00,85.69
2020-01-26 17:00:00,86.08
2020-01-26 17:30:00,87.1
2020-01-26 18:00:00,87.75
2020-01-26 18:30:00,88.58
2020-01-26 19:00:00,88.87
2020-01-26 19:30:00,91.41
2020-01-26 20:00:00,106.96
2020-01-26 20:30:00,117.56
2020-01-26 21:00:00,116.67
2020-01-26 21:30:00,106.74
2020-01-26 22:00:00,89.5
2020-01-26 22:30:00,88.63
2020-01-26 23:00:00,87.29
2020-01-26 23:30:00,85.33
2020-01-27 00:00:00,85.57
2020-01-27 00:30:00,83.32
2020-01-27 01:00:00,75.94
2020-01-27 01:30:00,74.78
2020-01-27 02:00:00,71.4
2020-01-27 02:30:00,70.48
2020-01-27 03:00:00,69.57
2020-01-27 03:30:00,69.52
2020-01-27 04:00:00,68.68
2020-01-27 04:30:00,69.39
2020-01-27 05:00:00,70.4
2020-01-27 05:30:00,71.53
2020-01-27 06:00:00,74.91
2020-01-27 06:30:00,76.04
2020-01-27 07:00:00,74.37
2020-01-27 07:30:00,78.22
2020-01-27 08:00:00,86.2
2020-01-27 08:30:00,88.37
2020-01-27 09:00:00,88.61
2020-01-27 09:30:00,90.88
2020-01-27 10:00:00,89.86
2020-01-27 10:30:00,90.01
2020-01-27 11:00:00,88.81
2020-01-27 11:30:00,88.55
2020-01-27 12:00:00,88.5
2020-01-27 12:30:00,88.4
2020-01-27 13:00:00,89.52
2020-01-27 13:30:00,90.19
2020-01-27 14:00:00,90.03
2020-01-27 14:30:00,90.75
2020-01-27 15:00:00,91.22
2020-01-27 15:30:00,91.3
2020-01-27 16:00:00,91.22
2020-01-27 16:30:00,92.07
2020-01-27 17:00:00,91.93
2020-01-27 17:30:00,94.65
2020-01-27 18:00:00,100.41
2020-01-27 18:30:00,106.44
2020-01-27 19:00:00,259.96
2020-01-27 19:30:00,260.99
2020-01-27 20:00:00,259.74
2020-01-27 20:30:00,259.45
2020-01-27 21:00:00,259.08
2020-01-27 21:30:00,235.23
2020-01-27 22:00:00,107.09
2020-01-27 22:30:00,94.78
2020-01-27 23:00:00,92.82
2020-01-27 23:30:00,91.97
2020-01-28 00:00:00,89.1
2020-01-28 00:30:00,86.42
2020-01-28 01:00:00,83.51
2020-01-28 01:30:00,79.03
2020-01-28 02:00:00,75.82
2020-01-28 02:30:00,70.49
2020-01-28 03:00:00,68.8
2020-01-28 03:30:00,68.52
2020-01-28 04:00:00,68.62
2020-01-28 04:30:00,68.6
2020-01-28 05:00:00,75.94
2020-01-28 05:30:00,83.72
2020-01-28 06:00:00,87.12
2020-01-28 06:30:00,89.85
2020-01-28 07:00:00,89.05
2020-01-28 07:30:00,89.46
2020-01-28 08:00:00,88.46
2020-01-28 08:30:00,88.73
2020-01-28 09:00:00,89.22
2020-01-28 09:30:00,89.0
2020-01-28 10:00:00,88.54
2020-01-28 10:30:00,88.72
2020-01-28 11:00:00,88.69
2020-01-28 11:30:00,88.32
2020-01-28 12:00:00,87.81
2020-01-28 12:30:00,87.7
2020-01-28 13:00:00,88.37
2020-01-28 13:30:00,88.62
2020-01-28 14:00:00,88.8
2020-01-28 14:30:00,88.85
2020-01-28 15:00:00,88.77
2020-01-28 15:30:00,88.57
2020-01-28 16:00:00,88.31
2020-01-28 16:30:00,88.01
2020-01-28 17:00:00,88.13
2020-01-28 17:30:00,87.91
2020-01-28 18:00:00,88.14
2020-01-28 18:30:00,88.82
2020-01-28 19:00:00,89.27
2020-01-28 19:30:00,89.17
2020-01-28 20:00:00,88.8
2020-01-28 20:30:00,87.5
2020-01-28 21:00:00,87.24
2020-01-28 21:30:00,86.07
2020-01-28 22:00:00,89.21
2020-01-28 22:30:00,88.85
2020-01-28 23:00:00,87.67
2020-01-28 23:30:00,85.82
2020-01-29 00:00:00,89.79
2020-01-29 00:30:00,88.5
2020-01-29 01:00:00,87.25
2020-01-29 01:30:00,85.85
2020-01-29 02:00:00,86.15
2020-01-29 02:30:00,85.48
2020-01-29 03:00:00,83.3
2020-01-29 03:30:00,83.15
2020-01-29 04:00:00,83.43
2020-01-29 04:30:00,84.64
2020-01-29 05:00:00,86.17
2020-01-29 05:30:00,88.88
2020-01-29 06:00:00,101.08
2020-01-29 06:30:00,106.48
2020-01-29 07:00:00,162.53
2020-01-29 07:30:00,258.03
2020-01-29 08:00:00,264.54
2020-01-29 08:30:00,261.99
2020-01-29 09:00:00,263.23
2020-01-29 09:30:00,266.42
2020-01-29 10:00:00,161.27
2020-01-29 10:30:00,102.46
2020-01-29 11:00:00,91.12
2020-01-29 11:30:00,86.0
2020-01-29 12:00:00,85.89
2020-01-29 12:30:00,85.86
2020-01-29 13:00:00,85.74
2020-01-29 13:30:00,91.02
2020-01-29 14:00:00,91.03
2020-01-29 14:30:00,90.73
2020-01-29 15:00:00,87.57
2020-01-29 15:30:00,87.64
2020-01-29 16:00:00,87.32
2020-01-29 16:30:00,86.45
2020-01-29 17:00:00,83.9
2020-01-29 17:30:00,80.15
2020-01-29 18:00:00,80.01
2020-01-29 18:30:00,80.02
2020-01-29 19:00:00,81.21
2020-01-29 19:30:00,81.06
2020-01-29 20:00:00,86.51
2020-01-29 20:30:00,86.48
2020-01-29 21:00:00,85.94
2020-01-29 21:30:00,86.08
2020-01-29 22:00:00,86.67
2020-01-29 22:30:00,86.15
2020-01-29 23:00:00,81.42
2020-01-29 23:30:00,75.46
2020-01-30 00:00:00,71.42
2020-01-30 00:30:00,69.41
2020-01-30 01:00:00,67.53
2020-01-30 01:30:00,66.09
2020-01-30 02:00:00,56.07
2020-01-30 02:30:00,54.72
2020-01-30 03:00:00,54.05
2020-01-30 03:30:00,53.97
2020-01-30 04:00:00,54.06
2020-01-30 04:30:00,54.7
2020-01-30 05:00:00,56.03
2020-01-30 05:30:00,68.46
2020-01-30 06:00:00,71.99
2020-01-30 06:30:00,75.73
2020-01-30 07:00:00,71.28
2020-01-30 07:30:00,75.82
2020-01-30 08:00:00,82.92
2020-01-30 08:30:00,84.4
2020-01-30 09:00:00,85.18
2020-01-30 09:30:00,86.29
2020-01-30 10:00:00,84.79
2020-01-30 10:30:00,83.74
2020-01-30 11:00:00,84.61
2020-01-30 11:30:00,84.37
2020-01-30 12:00:00,84.35
2020-01-30 12:30:00,84.14
2020-01-30 13:00:00,84.18
2020-01-30 13:30:00,85.12
2020-01-30 14:00:00,86.03
2020-01-30 14:30:00,84.66
2020-01-30 15:00:00,85.74
2020-01-30 15:30:00,85.84
2020-01-30 16:00:00,85.61
2020-01-30 16:30:00,85.91
2020-01-30 17:00:00,85.66
2020-01-30 17:30:00,83.69
2020-01-30 18:00:00,83.94
2020-01-30 18:30:00,83.39
2020-01-30 19:00:00,86.08
2020-01-30 19:30:00,89.48
2020-01-30 20:00:00,88.41
2020-01-30 20:30:00,86.95
2020-01-30 21:00:00,84.9
2020-01-30 21:30:00,84.87
2020-01-30 22:00:00,83.22
2020-01-30 22:30:00,83.16
2020-01-30 23:00:00,83.29
2020-01-30 23:30:00,81.37
2020-01-31 00:00:00,74.3
2020-01-31 00:30:00,70.72
2020-01-31 01:00:00,69.99
2020-01-31 01:30:00,69.26
2020-01-31 02:00:00,68.18
2020-01-31 02:30:00,59.94
2020-01-31 03:00:00,56.58
2020-01-31 03:30:00,55.42
2020-01-31 04:00:00,55.45
2020-01-31 04:30:00,65.24
2020-01-31 05:00:00,69.18
2020-01-31 05:30:00,70.86
2020-01-31 06:00:00,75.6
2020-01-31 06:30:00,85.33
2020-01-31 07:00:00,75.6
2020-01-31 07:30:00,81.52
2020-01-31 08:00:00,85.08
2020-01-31 08:30:00,90.51
2020-01-31 09:00:00,98.44
2020-01-31 09:30:00,89.18
2020-01-31 10:00:00,98.2
2020-01-31 10:30:00,89.74
2020-01-31 11:00:00,89.15
2020-01-31 11:30:00,88.25
2020-01-31 12:00:00,85.17
2020-01-31 12:30:00,84.87
2020-01-31 13:00:00,88.13
2020-01-31 13:30:00,89.09
2020-01-31 14:00:00,88.91
2020-01-31 14:30:00,86.18
2020-01-31 15:00:00,88.82
2020-01-31 15:30:00,89.12
2020-01-31 16:00:00,86.1
2020-01-31 16:30:00,85.03
2020-01-31 17:00:00,84.38
2020-01-31 17:30:00,97.35
2020-01-31 18:00:00,98.59
2020-01-31 18:30:00,98.49
2020-01-31 19:00:00,99.01
2020-01-31 19:30:00,90.65
2020-01-31 20:00:00,90.03
2020-01-31 20:30:00,85.6
2020-01-31 21:00:00,83.67
2020-01-31 21:30:00,80.51
2020-01-31 22:00:00,80.23
2020-01-31 22:30:00,76.86
2020-01-31 23:00:00,79.62
2020-01-31 23:30:00,77.06
2020-02-01 00:00:00,82.0
2020-02-01 00:30:00,87.59
2020-02-01 01:00:00,84.88
2020-02-01 01:30:00,81.71
2020-02-01 02:00:00,78.29
2020-02-01 02:30:00,77.36
2020-02-01 03:00:00,77.49
2020-02-01 03:30:00,77.33
2020-02-01 04:00:00,77.48
2020-02-01 04:30:00,77.33
2020-02-01 05:00:00,77.38
2020-02-01 05:30:00,77.31
2020-02-01 06:00:00,77.46
2020-02-01 06:30:00,77.62
2020-02-01 07:00:00,77.78
2020-02-01 07:30:00,82.89
2020-02-01 08:00:00,85.68
2020-02-01 08:30:00,90.81
2020-02-01 09:00:00,96.04
2020-02-01 09:30:00,97.72
2020-02-01 10:00:00,199.56
2020-02-01 10:30:00,115.3
2020-02-01 11:00:00,110.51
2020-02-01 11:30:00,91.75
2020-02-01 12:00:00,83.8
2020-02-01 12:30:00,83.65
2020-02-01 13:00:00,80.32
2020-02-01 13:30:00,80.17
2020-02-01 14:00:00,80.14
2020-02-01 14:30:00,94.21
2020-02-01 15:00:00,91.16
2020-02-01 15:30:00,79.6
2020-02-01 16:00:00,78.24
2020-02-01 16:30:00,77.68
2020-02-01 17:00:00,77.74
2020-02-01 17:30:00,77.61
2020-02-01 18:00:00,77.68
2020-02-01 18:30:00,79.65
2020-02-01 19:00:00,82.83
2020-02-01 19:30:00,83.64
2020-02-01 20:00:00,85.66
2020-02-01 20:30:00,85.61
2020-02-01 21:00:00,83.63
2020-02-01 21:30:00,79.4
2020-02-01 22:00:00,77.37
2020-02-01 22:30:00,75.04
2020-02-01 23:00:00,78.15
2020-02-01 23:30:00,78.41
2020-02-02 00:00:00,94.35
2020-02-02 00:30:00,102.01
2020-02-02 01:00:00,86.12
2020-02-02 01:30:00,79.56
2020-02-02 02:00:00,79.19
2020-02-02 02:30:00,77.2
2020-02-02 03:00:00,73.65
2020-02-02 03:30:00,79.98
2020-02-02 04:00:00,79.63
2020-02-02 04:30:00,79.73
2020-02-02 05:00:00,79.55
2020-02-02 05:30:00,80.27
2020-02-02 06:00:00,99.48
2020-02-02 06:30:00,102.19
2020-02-02 07:00:00,258.63
2020-02-02 07:30:00,258.95
2020-02-02 08:00:00,162.53
2020-02-02 08:30:00,254.9
2020-02-02 09:00:00,261.12
2020-02-02 09:30:00,85.91
2020-02-02 10:00:00,93.35
2020-02-02 10:30:00,169.49
2020-02-02 11:00:00,153.64
2020-02-02 11:30:00,91.02
2020-02-02 12:00:00,80.0
2020-02-02 12:30:00,80.14
2020-02-02 13:00:00,79.98
2020-02-02 13:30:00,79.95
2020-02-02 14:00:00,80.0
2020-02-02 14:30:00,79.99
2020-02-02 15:00:00,79.82
2020-02-02 15:30:00,79.92
2020-02-02 16:00:00,80.15
2020-02-02 16:30:00,78.6
2020-02-02 17:00:00,78.42
2020-02-02 17:30:00,78.64
2020-02-02 18:00:00,80.47
2020-02-02 18:30:00,86.45
2020-02-02 19:00:00,200.66
2020-02-02 19:30:00,231.94
2020-02-02 20:00:00,359.42
2020-02-02 20:30:00,222.35
2020-02-02 21:00:00,95.73
2020-02-02 21:30:00,84.69
2020-02-02 22:00:00,83.15
2020-02-02 22:30:00,77.85
2020-02-02 23:00:00,489.67
2020-02-02 23:30:00,503.2
2020-02-03 00:00:00,571.74
2020-02-03 00:30:00,118.08
2020-02-03 01:00:00,99.54
2020-02-03 01:30:00,80.11
2020-02-03 02:00:00,78.15
2020-02-03 02:30:00,73.75
2020-02-03 03:00:00,73.81
2020-02-03 03:30:00,73.92
2020-02-03 04:00:00,70.64
2020-02-03 04:30:00,70.92
2020-02-03 05:00:00,75.33
2020-02-03 05:30:00,79.71
2020-02-03 06:00:00,79.96
2020-02-03 06:30:00,88.88
2020-02-03 07:00:00,79.7
2020-02-03 07:30:00,82.07
2020-02-03 08:00:00,80.07
2020-02-03 08:30:00,270.69
2020-02-03 09:00:00,316.41
2020-02-03 09:30:00,358.25
2020-02-03 10:00:00,385.04
2020-02-03 10:30:00,385.71
2020-02-03 11:00:00,384.53
2020-02-03 11:30:00,357.54
2020-02-03 12:00:00,291.62
2020-02-03 12:30:00,316.63
2020-02-03 13:00:00,317.35
2020-02-03 13:30:00,384.54
2020-02-03 14:00:00,383.29
2020-02-03 14:30:00,383.15
2020-02-03 15:00:00,384.21
2020-02-03 15:30:00,383.93
2020-02-03 16:00:00,383.3
2020-02-03 16:30:00,384.67
2020-02-03 17:00:00,382.41
2020-02-03 17:30:00,316.69
2020-02-03 18:00:00,279.13
2020-02-03 18:30:00,279.66
2020-02-03 19:00:00,321.03
2020-02-03 19:30:00,320.55
2020-02-03 20:00:00,277.48
2020-02-03 20:30:00,263.8
2020-02-03 21:00:00,280.21
2020-02-03 21:30:00,79.38
2020-02-03 22:00:00,79.6
2020-02-03 22:30:00,77.83
2020-02-03 23:00:00,79.37
2020-02-03 23:30:00,77.66
2020-02-04 00:00:00,82.9
2020-02-04 00:30:00,76.33
2020-02-04 01:00:00,78.8
2020-02-04 01:30:00,73.59
2020-02-04 02:00:00,71.82
2020-02-04 02:30:00,70.74
2020-02-04 03:00:00,70.63
2020-02-04 03:30:00,70.64
2020-02-04 04:00:00,70.58
2020-02-04 04:30:00,70.68
2020-02-04 05:00:00,71.02
2020-02-04 05:30:00,77.09
2020-02-04 06:00:00,85.2
2020-02-04 06:30:00,86.11
2020-02-04 07:00:00,86.68
2020-02-04 07:30:00,151.62
2020-02-04 08:00:00,258.17
2020-02-04 08:30:00,264.95
2020-02-04 09:00:00,258.66
2020-02-04 09:30:00,257.54
2020-02-04 10:00:00,223.22
2020-02-04 10:30:00,223.48
2020-02-04 11:00:00,164.91
2020-02-04 11:30:00,150.64
2020-02-04 12:00:00,149.73
2020-02-04 12:30:00,134.2
2020-02-04 13:00:00,150.18
2020-02-04 13:30:00,100.29
2020-02-04 14:00:00,101.04
2020-02-04 14:30:00,83.54
2020-02-04 15:00:00,83.53
2020-02-04 15:30:00,85.72
2020-02-04 16:00:00,85.1
2020-02-04 16:30:00,84.0
2020-02-04 17:00:00,76.67
2020-02-04 17:30:00,73.4
2020-02-04 18:00:00,76.47
2020-02-04 18:30:00,80.12
2020-02-04 19:00:00,85.41
2020-02-04 19:30:00,86.43
2020-02-04 20:00:00,84.25
2020-02-04 20:30:00,103.88
2020-02-04 21:00:00,102.24
2020-02-04 21:30:00,85.78
2020-02-04 22:00:00,81.03
2020-02-04 22:30:00,75.81
2020-02-04 23:00:00,73.04
2020-02-04 23:30:00,70.25
2020-02-05 00:00:00,68.59
2020-02-05 00:30:00,67.6
2020-02-05 01:00:00,66.83
2020-02-05 01:30:00,65.71
2020-02-05 02:00:00,65.64
2020-02-05 02:30:00,64.16
2020-02-05 03:00:00,63.81
2020-02-05 03:30:00,63.71
2020-02-05 04:00:00,63.42
2020-02-05 04:30:00,63.79
2020-02-05 05:00:00,66.29
2020-02-05 05:30:00,68.07
2020-02-05 06:00:00,68.64
2020-02-05 06:30:00,71.35
2020-02-05 07:00:00,70.31
2020-02-05 07:30:00,71.29
2020-02-05 08:00:00,73.08
2020-02-05 08:30:00,76.44
2020-02-05 09:00:00,75.9
2020-02-05 09:30:00,78.79
2020-02-05 10:00:00,83.86
2020-02-05 10:30:00,89.37
2020-02-05 11:00:00,89.3
2020-02-05 11:30:00,81.26
2020-02-05 12:00:00,78.41
2020-02-05 12:30:00,81.01
2020-02-05 13:00:00,75.83
2020-02-05 13:30:00,81.54
2020-02-05 14:00:00,83.54
2020-02-05 14:30:00,83.44
2020-02-05 15:00:00,80.73
2020-02-05 15:30:00,84.58
2020-02-05 16:00:00,85.65
2020-02-05 16:30:00,83.42
2020-02-05 17:00:00,82.75
2020-02-05 17:30:00,76.04
2020-02-05 18:00:00,85.41
2020-02-05 18:30:00,99.47
2020-02-05 19:00:00,124.72
2020-02-05 19:30:00,115.73
2020-02-05 20:00:00,104.66
2020-02-05 20:30:00,83.53
2020-02-05 21:00:00,83.33
2020-02-05 21:30:00,76.39
2020-02-05 22:00:00,73.14
2020-02-05 22:30:00,73.07
2020-02-05 23:00:00,71.73
2020-02-05 23:30:00,69.17
2020-02-06 00:00:00,70.72
2020-02-06 00:30:00,69.94
2020-02-06 01:00:00,68.68
2020-02-06 01:30:00,67.47
2020-02-06 02:00:00,66.58
2020-02-06 02:30:00,66.38
2020-02-06 03:00:00,66.74
2020-02-06 03:30:00,66.65
2020-02-06 04:00:00,66.1
2020-02-06 04:30:00,66.65
2020-02-06 05:00:00,67.12
2020-02-06 05:30:00,69.07
2020-02-06 06:00:00,73.06
2020-02-06 06:30:00,73.71
2020-02-06 07:00:00,73.21
2020-02-06 07:30:00,77.02
2020-02-06 08:00:00,95.85
2020-02-06 08:30:00,117.68
2020-02-06 09:00:00,91.88
2020-02-06 09:30:00,102.92
2020-02-06 10:00:00,103.68
2020-02-06 10:30:00,120.25
2020-02-06 11:00:00,105.81
2020-02-06 11:30:00,95.74
2020-02-06 12:00:00,85.61
2020-02-06 12:30:00,86.46
2020-02-06 13:00:00,95.77
2020-02-06 13:30:00,104.25
2020-02-06 14:00:00,105.55
2020-02-06 14:30:00,109.76
2020-02-06 15:00:00,116.6
2020-02-06 15:30:00,116.33
2020-02-06 16:00:00,123.16
2020-02-06 16:30:00,104.83
2020-02-06 17:00:00,101.96
2020-02-06 17:30:00,88.11
2020-02-06 18:00:00,85.41
2020-02-06 18:30:00,86.33
2020-02-06 19:00:00,90.21
2020-02-06 19:30:00,91.48
2020-02-06 20:00:00,85.71
2020-02-06 20:30:00,107.13
2020-02-06 21:00:00,91.18
2020-02-06 21:30:00,86.01
2020-02-06 22:00:00,80.76
2020-02-06 22:30:00,76.17
2020-02-06 23:00:00,73.74
2020-02-06 23:30:00,71.51
2020-02-07 00:00:00,73.79
2020-02-07 00:30:00,73.39
2020-02-07 01:00:00,71.38
2020-02-07 01:30:00,70.94
2020-02-07 02:00:00,69.72
2020-02-07 02:30:00,69.17
2020-02-07 03:00:00,69.01
2020-02-07 03:30:00,69.0
2020-02-07 04:00:00,69.25
2020-02-07 04:30:00,69.45
2020-02-07 05:00:00,69.83
2020-02-07 05:30:00,71.0
2020-02-07 06:00:00,73.51
2020-02-07 06:30:00,75.07
2020-02-07 07:00:00,73.79
2020-02-07 07:30:00,78.7
2020-02-07 08:00:00,86.39
2020-02-07 08:30:00,95.89
2020-02-07 09:00:00,121.87
2020-02-07 09:30:00,138.1
2020-02-07 10:00:00,112.13
2020-02-07 10:30:00,111.11
2020-02-07 11:00:00,83.91
2020-02-07 11:30:00,76.3
2020-02-07 12:00:00,75.37
2020-02-07 12:30:00,76.75
2020-02-07 13:00:00,89.23
2020-02-07 13:30:00,86.9
2020-02-07 14:00:00,84.72
2020-02-07 14:30:00,84.07
2020-02-07 15:00:00,84.41
2020-02-07 15:30:00,84.08
2020-02-07 16:00:00,88.46
2020-02-07 16:30:00,77.23
2020-02-07 17:00:00,95.5
2020-02-07 17:30:00,84.88
2020-02-07 18:00:00,84.56
2020-02-07 18:30:00,75.24
2020-02-07 19:00:00,77.94
2020-02-07 19:30:00,103.49
2020-02-07 20:00:00,90.09
2020-02-07 20:30:00,85.34
2020-02-07 21:00:00,76.29
2020-02-07 21:30:00,73.78
2020-02-07 22:00:00,72.28
2020-02-07 22:30:00,71.97
2020-02-07 23:00:00,70.16
2020-02-07 23:30:00,68.96
2020-02-08 00:00:00,69.26
2020-02-08 00:30:00,72.64
2020-02-08 01:00:00,70.53
2020-02-08 01:30:00,69.18
2020-02-08 02:00:00,67.09
2020-02-08 02:30:00,67.26
2020-02-08 03:00:00,67.04
2020-02-08 03:30:00,66.72
2020-02-08 04:00:00,66.5
2020-02-08 04:30:00,66.71
2020-02-08 05:00:00,66.97
2020-02-08 05:30:00,67.26
2020-02-08 06:00:00,67.58
2020-02-08 06:30:00,68.88
2020-02-08 07:00:00,69.7
2020-02-08 07:30:00,71.27
2020-02-08 08:00:00,74.2
2020-02-08 08:30:00,75.95
2020-02-08 09:00:00,75.1
2020-02-08 09:30:00,76.47
2020-02-08 10:00:00,81.2
2020-02-08 10:30:00,78.05
2020-02-08 11:00:00,78.19
2020-02-08 11:30:00,77.63
2020-02-08 12:00:00,77.6
2020-02-08 12:30:00,77.5
2020-02-08 13:00:00,76.9
2020-02-08 13:30:00,74.0
2020-02-08 14:00:00,74.29
2020-02-08 14:30:00,74.06
2020-02-08 15:00:00,74.04
2020-02-08 15:30:00,74.98
2020-02-08 16:00:00,76.88
2020-02-08 16:30:00,74.88
2020-02-08 17:00:00,75.7
2020-02-08 17:30:00,74.69
2020-02-08 18:00:00,75.65
2020-02-08 18:30:00,77.16
2020-02-08 19:00:00,76.61
2020-02-08 19:30:00,74.55
2020-02-08 20:00:00,73.7
2020-02-08 20:30:00,79.82
2020-02-08 21:00:00,78.86
2020-02-08 21:30:00,75.99
2020-02-08 22:00:00,74.25
2020-02-08 22:30:00,75.08
2020-02-08 23:00:00,74.31
2020-02-08 23:30:00,74.27
2020-02-09 00:00:00,89.57
2020-02-09 00:30:00,89.86
2020-02-09 01:00:00,81.54
2020-02-09 01:30:00,79.38
2020-02-09 02:00:00,77.8
2020-02-09 02:30:00,76.58
2020-02-09 03:00:00,75.85
2020-02-09 03:30:00,75.03
2020-02-09 04:00:00,75.02
2020-02-09 04:30:00,75.05
2020-02-09 05:00:00,75.02
2020-02-09 05:30:00,74.73
2020-02-09 06:00:00,74.02
2020-02-09 06:30:00,74.32
2020-02-09 07:00:00,74.92
2020-02-09 07:30:00,76.12
2020-02-09 08:00:00,83.95
2020-02-09 08:30:00,90.42
2020-02-09 09:00:00,86.1
2020-02-09 09:30:00,81.68
2020-02-09 10:00:00,82.83
2020-02-09 10:30:00,81.89
2020-02-09 11:00:00,83.76
2020-02-09 11:30:00,81.07
2020-02-09 12:00:00,80.58
2020-02-09 12:30:00,80.8
2020-02-09 13:00:00,82.3
2020-02-09 13:30:00,84.15
2020-02-09 14:00:00,82.54
2020-02-09 14:30:00,80.07
2020-02-09 15:00:00,82.49
2020-02-09 15:30:00,81.07
2020-02-09 16:00:00,81.08
2020-02-09 16:30:00,78.94
2020-02-09 17:00:00,79.44
2020-02-09 17:30:00,78.16
2020-02-09 18:00:00,82.96
2020-02-09 18:30:00,99.33
2020-02-09 19:00:00,121.23
2020-02-09 19:30:00,161.95
2020-02-09 20:00:00,99.69
2020-02-09 20:30:00,108.77
2020-02-09 21:00:00,92.53
2020-02-09 21:30:00,85.01
2020-02-09 22:00:00,82.69
2020-02-09 22:30:00,76.4
2020-02-09 23:00:00,75.53
2020-02-09 23:30:00,71.2
2020-02-10 00:00:00,71.42
2020-02-10 00:30:00,69.82
2020-02-10 01:00:00,68.35
2020-02-10 01:30:00,68.01
2020-02-10 02:00:00,66.96
2020-02-10 02:30:00,66.91
2020-02-10 03:00:00,66.71
2020-02-10 03:30:00,66.07
2020-02-10 04:00:00,67.07
2020-02-10 04:30:00,67.27
2020-02-10 05:00:00,69.36
2020-02-10 05:30:00,69.22
2020-02-10 06:00:00,71.21
2020-02-10 06:30:00,72.55
2020-02-10 07:00:00,72.59
2020-02-10 07:30:00,76.9
2020-02-10 08:00:00,89.26
2020-02-10 08:30:00,92.03
2020-02-10 09:00:00,79.2
2020-02-10 09:30:00,92.08
2020-02-10 10:00:00,94.07
2020-02-10 10:30:00,99.7
2020-02-10 11:00:00,99.52
2020-02-10 11:30:00,92.96
2020-02-10 12:00:00,90.55
2020-02-10 12:30:00,82.73
2020-02-10 13:00:00,84.36
2020-02-10 13:30:00,92.74
2020-02-10 14:00:00,92.44
2020-02-10 14:30:00,92.87
2020-02-10 15:00:00,99.07
2020-02-10 15:30:00,99.26
2020-02-10 16:00:00,99.02
2020-02-10 16:30:00,92.6
2020-02-10 17:00:00,80.29
2020-02-10 17:30:00,76.27
2020-02-10 18:00:00,76.56
2020-02-10 18:30:00,77.27
2020-02-10 19:00:00,79.41
2020-02-10 19:30:00,93.06
2020-02-10 20:00:00,90.99
2020-02-10 20:30:00,78.2
2020-02-10 21:00:00,76.27
2020-02-10 21:30:00,81.2
2020-02-10 22:00:00,77.55
2020-02-10 22:30:00,76.71
2020-02-10 23:00:00,74.86
2020-02-10 23:30:00,73.34
2020-02-11 00:00:00,72.01
2020-02-11 00:30:00,71.01
2020-02-11 01:00:00,71.66
2020-02-11 01:30:00,70.94
2020-02-11 02:00:00,70.83
2020-02-11 02:30:00,69.78
2020-02-11 03:00:00,69.64
2020-02-11 03:30:00,69.38
2020-02-11 04:00:00,69.61
2020-02-11 04:30:00,69.82
2020-02-11 05:00:00,70.79
2020-02-11 05:30:00,72.86
2020-02-11 06:00:00,75.18
2020-02-11 06:30:00,78.81
2020-02-11 07:00:00,75.57
2020-02-11 07:30:00,78.93
2020-02-11 08:00:00,84.69
2020-02-11 08:30:00,90.3
2020-02-11 09:00:00,89.01
2020-02-11 09:30:00,79.77
2020-02-11 10:00:00,80.0
2020-02-11 10:30:00,79.81
2020-02-11 11:00:00,80.19
2020-02-11 11:30:00,78.83
2020-02-11 12:00:00,77.52
2020-02-11 12:30:00,77.54
2020-02-11 13:00:00,80.15
2020-02-11 13:30:00,80.82
2020-02-11 14:00:00,80.32
2020-02-11 14:30:00,78.99
2020-02-11 15:00:00,79.29
2020-02-11 15:30:00,77.18
2020-02-11 16:00:00,76.29
2020-02-11 16:30:00,75.42
2020-02-11 17:00:00,74.52
2020-02-11 17:30:00,73.73
2020-02-11 18:00:00,73.82
2020-02-11 18:30:00,74.4
2020-02-11 19:00:00,77.82
2020-02-11 19:30:00,78.01
2020-02-11 20:00:00,89.84
2020-02-11 20:30:00,87.75
2020-02-11 21:00:00,86.71
2020-02-11 21:30:00,84.5
2020-02-11 22:00:00,80.73
2020-02-11 22:30:00,80.17
2020-02-11 23:00:00,76.05
2020-02-11 23:30:00,72.69
2020-02-12 00:00:00,69.77
2020-02-12 00:30:00,69.32
2020-02-12 01:00:00,68.47
2020-02-12 01:30:00,68.83
2020-02-12 02:00:00,67.82
2020-02-12 02:30:00,67.34
2020-02-12 03:00:00,67.44
2020-02-12 03:30:00,67.25
2020-02-12 04:00:00,67.35
2020-02-12 04:30:00,67.79
2020-02-12 05:00:00,68.9
2020-02-12 05:30:00,70.35
2020-02-12 06:00:00,73.28
2020-02-12 06:30:00,75.72
2020-02-12 07:00:00,73.77
2020-02-12 07:30:00,81.37
2020-02-12 08:00:00,83.36
2020-02-12 08:30:00,86.95
2020-02-12 09:00:00,80.03
2020-02-12 09:30:00,82.01
2020-02-12 10:00:00,84.72
2020-02-12 10:30:00,81.56
2020-02-12 11:00:00,81.4
2020-02-12 11:30:00,76.55
2020-02-12 12:00:00,76.64
2020-02-12 12:30:00,78.7
2020-02-12 13:00:00,79.45
2020-02-12 13:30:00,83.05
2020-02-12 14:00:00,84.24
2020-02-12 14:30:00,85.78
2020-02-12 15:00:00,86.23
2020-02-12 15:30:00,81.44
2020-02-12 16:00:00,86.92
2020-02-12 16:30:00,86.4
2020-02-12 17:00:00,86.32
2020-02-12 17:30:00,85.88
2020-02-12 18:00:00,86.53
2020-02-12 18:30:00,88.68
2020-02-12 19:00:00,130.11
2020-02-12 19:30:00,133.03
2020-02-12 20:00:00,131.97
2020-02-12 20:30:00,105.02
2020-02-12 21:00:00,88.58
2020-02-12 21:30:00,82.75
2020-02-12 22:00:00,78.85
2020-02-12 22:30:00,76.49
2020-02-12 23:00:00,73.83
2020-02-12 23:30:00,72.27
2020-02-13 00:00:00,74.14
2020-02-13 00:30:00,72.16
2020-02-13 01:00:00,71.73
2020-02-13 01:30:00,70.36
2020-02-13 02:00:00,69.82
2020-02-13 02:30:00,69.49
2020-02-13 03:00:00,68.94
2020-02-13 03:30:00,68.72
2020-02-13 04:00:00,68.57
2020-02-13 04:30:00,69.3
2020-02-13 05:00:00,70.24
2020-02-13 05:30:00,71.82
2020-02-13 06:00:00,74.86
2020-02-13 06:30:00,79.29
2020-02-13 07:00:00,75.06
2020-02-13 07:30:00,77.72
2020-02-13 08:00:00,77.01
2020-02-13 08:30:00,80.53
2020-02-13 09:00:00,90.63
2020-02-13 09:30:00,82.41
2020-02-13 10:00:00,90.62
2020-02-13 10:30:00,90.66
2020-02-13 11:00:00,90.7
2020-02-13 11:30:00,85.09
2020-02-13 12:00:00,82.29
2020-02-13 12:30:00,89.94
2020-02-13 13:00:00,90.25
2020-02-13 13:30:00,90.67
2020-02-13 14:00:00,90.51
2020-02-13 14:30:00,90.27
2020-02-13 15:00:00,90.46
2020-02-13 15:30:00,90.87
2020-02-13 16:00:00,90.41
2020-02-13 16:30:00,90.04
2020-02-13 17:00:00,89.51
2020-02-13 17:30:00,85.15
2020-02-13 18:00:00,82.11
2020-02-13 18:30:00,89.09
2020-02-13 19:00:00,141.97
2020-02-13 19:30:00,135.61
2020-02-13 20:00:00,116.8
2020-02-13 20:30:00,90.79
2020-02-13 21:00:00,90.25
2020-02-13 21:30:00,79.14
2020-02-13 22:00:00,79.75
2020-02-13 22:30:00,76.8
2020-02-13 23:00:00,77.81
2020-02-13 23:30:00,76.34
2020-02-14 00:00:00,79.61
2020-02-14 00:30:00,75.24
2020-02-14 01:00:00,73.01
2020-02-14 01:30:00,71.49
2020-02-14 02:00:00,70.91
2020-02-14 02:30:00,70.4
2020-02-14 03:00:00,70.23
2020-02-14 03:30:00,69.54
2020-02-14 04:00:00,70.41
2020-02-14 04:30:00,70.24
2020-02-14 05:00:00,71.16
2020-02-14 05:30:00,73.87
2020-02-14 06:00:00,77.54
2020-02-14 06:30:00,81.23
2020-02-14 07:00:00,77.09
2020-02-14 07:30:00,79.86
2020-02-14 08:00:00,80.67
2020-02-14 08:30:00,81.16
2020-02-14 09:00:00,77.01
2020-02-14 09:30:00,78.14
2020-02-14 10:00:00,79.12
2020-02-14 10:30:00,80.27
2020-02-14 11:00:00,79.79
2020-02-14 11:30:00,79.1
2020-02-14 12:00:00,77.0
2020-02-14 12:30:00,78.16
2020-02-14 13:00:00,78.02
2020-02-14 13:30:00,78.72
2020-02-14 14:00:00,79.04
2020-02-14 14:30:00,78.57
2020-02-14 15:00:00,78.71
2020-02-14 15:30:00,78.7
2020-02-14 16:00:00,78.69
2020-02-14 16:30:00,76.56
2020-02-14 17:00:00,76.41
2020-02-14 17:30:00,74.41
2020-02-14 18:00:00,73.97
2020-02-14 18:30:00,74.57
2020-02-14 19:00:00,77.35
2020-02-14 19:30:00,76.98
2020-02-14 20:00:00,76.1
2020-02-14 20:30:00,73.14
2020-02-14 21:00:00,74.89
2020-02-14 21:30:00,72.53
2020-02-14 22:00:00,73.99
2020-02-14 22:30:00,78.13
2020-02-14 23:00:00,78.98
2020-02-14 23:30:00,76.97
2020-02-15 00:00:00,81.51
2020-02-15 00:30:00,78.71
2020-02-15 01:00:00,75.28
2020-02-15 01:30:00,74.25
2020-02-15 02:00:00,72.28
2020-02-15 02:30:00,72.05
2020-02-15 03:00:00,71.19
2020-02-15 03:30:00,69.69
2020-02-15 04:00:00,70.08
2020-02-15 04:30:00,70.09
2020-02-15 05:00:00,70.89
2020-02-15 05:30:00,71.31
2020-02-15 06:00:00,72.11
2020-02-15 06:30:00,74.19
2020-02-15 07:00:00,74.24
2020-02-15 07:30:00,75.39
2020-02-15 08:00:00,78.17
2020-02-15 08:30:00,78.65
2020-02-15 09:00:00,79.63
2020-02-15 09:30:00,83.01
2020-02-15 10:00:00,89.6
2020-02-15 10:30:00,91.56
2020-02-15 11:00:00,90.13
2020-02-15 11:30:00,86.0
2020-02-15 12:00:00,80.67
2020-02-15 12:30:00,77.21
2020-02-15 13:00:00,75.39
2020-02-15 13:30:00,73.97
2020-02-15 14:00:00,73.81
2020-02-15 14:30:00,73.81
2020-02-15 15:00:00,73.52
2020-02-15 15:30:00,73.62
2020-02-15 16:00:00,73.63
2020-02-15 16:30:00,74.86
2020-02-15 17:00:00,74.76
2020-02-15 17:30:00,75.05
2020-02-15 18:00:00,75.68
2020-02-15 18:30:00,74.84
2020-02-15 19:00:00,76.3
2020-02-15 19:30:00,76.96
2020-02-15 20:00:00,78.61
2020-02-15 20:30:00,85.56
2020-02-15 21:00:00,90.95
2020-02-15 21:30:00,89.86
2020-02-15 22:00:00,81.57
2020-02-15 22:30:00,79.4
2020-02-15 23:00:00,76.72
2020-02-15 23:30:00,75.65
2020-02-16 00:00:00,82.78
2020-02-16 00:30:00,82.56
2020-02-16 01:00:00,80.28
2020-02-16 01:30:00,78.97
2020-02-16 02:00:00,78.36
2020-02-16 02:30:00,76.96
2020-02-16 03:00:00,76.27
2020-02-16 03:30:00,75.35
2020-02-16 04:00:00,74.67
2020-02-16 04:30:00,75.42
2020-02-16 05:00:00,75.36
2020-02-16 05:30:00,75.0
2020-02-16 06:00:00,74.75
2020-02-16 06:30:00,74.92
2020-02-16 07:00:00,75.04
2020-02-16 07:30:00,75.3
2020-02-16 08:00:00,76.04
2020-02-16 08:30:00,77.53
2020-02-16 09:00:00,76.82
2020-02-16 09:30:00,79.06
2020-02-16 10:00:00,79.47
2020-02-16 10:30:00,78.9
2020-02-16 11:00:00,78.6
2020-02-16 11:30:00,77.9
2020-02-16 12:00:00,77.89
2020-02-16 12:30:00,78.53
2020-02-16 13:00:00,79.52
2020-02-16 13:30:00,79.67
2020-02-16 14:00:00,79.48
2020-02-16 14:30:00,80.14
2020-02-16 15:00:00,80.25
2020-02-16 15:30:00,80.79
2020-02-16 16:00:00,80.88
2020-02-16 16:30:00,80.5
2020-02-16 17:00:00,81.16
2020-02-16 17:30:00,81.08
2020-02-16 18:00:00,81.73
2020-02-16 18:30:00,90.17
2020-02-16 19:00:00,178.54
2020-02-16 19:30:00,214.73
2020-02-16 20:00:00,196.1
2020-02-16 20:30:00,217.65
2020-02-16 21:00:00,217.71
2020-02-16 21:30:00,188.25
2020-02-16 22:00:00,82.14
2020-02-16 22:30:00,79.68
2020-02-16 23:00:00,78.97
2020-02-16 23:30:00,75.22
2020-02-17 00:00:00,76.78
2020-02-17 00:30:00,75.64
2020-02-17 01:00:00,75.69
2020-02-17 01:30:00,74.58
2020-02-17 02:00:00,74.5
2020-02-17 02:30:00,74.0
2020-02-17 03:00:00,73.24
2020-02-17 03:30:00,73.25
2020-02-17 04:00:00,72.54
2020-02-17 04:30:00,73.01
2020-02-17 05:00:00,74.4
2020-02-17 05:30:00,75.95
2020-02-17 06:00:00,81.01
2020-02-17 06:30:00,81.09
2020-02-17 07:00:00,77.08
2020-02-17 07:30:00,77.28
2020-02-17 08:00:00,78.43
2020-02-17 08:30:00,81.91
2020-02-17 09:00:00,79.45
2020-02-17 09:30:00,82.7
2020-02-17 10:00:00,83.49
2020-02-17 10:30:00,83.44
2020-02-17 11:00:00,82.94
2020-02-17 11:30:00,80.71
2020-02-17 12:00:00,79.13
2020-02-17 12:30:00,78.97
2020-02-17 13:00:00,82.63
2020-02-17 13:30:00,82.87
2020-02-17 14:00:00,82.6
2020-02-17 14:30:00,82.45
2020-02-17 15:00:00,87.01
2020-02-17 15:30:00,86.95
2020-02-17 16:00:00,86.29
2020-02-17 16:30:00,83.01
2020-02-17 17:00:00,80.83
2020-02-17 17:30:00,77.3
2020-02-17 18:00:00,77.65
2020-02-17 18:30:00,77.63
2020-02-17 19:00:00,82.07
2020-02-17 19:30:00,101.31
2020-02-17 20:00:00,108.38
2020-02-17 20:30:00,110.03
2020-02-17 21:00:00,94.45
2020-02-17 21:30:00,85.19
2020-02-17 22:00:00,79.63
2020-02-17 22:30:00,75.66
2020-02-17 23:00:00,75.27
2020-02-17 23:30:00,73.55
2020-02-18 00:00:00,74.15
2020-02-18 00:30:00,72.62
2020-02-18 01:00:00,71.7
2020-02-18 01:30:00,71.46
2020-02-18 02:00:00,70.38
2020-02-18 02:30:00,70.54
2020-02-18 03:00:00,70.34
2020-02-18 03:30:00,69.99
2020-02-18 04:00:00,70.4
2020-02-18 04:30:00,70.5
2020-02-18 05:00:00,71.29
2020-02-18 05:30:00,73.87
2020-02-18 06:00:00,77.11
2020-02-18 06:30:00,80.41
2020-02-18 07:00:00,77.26
2020-02-18 07:30:00,78.39
2020-02-18 08:00:00,78.14
2020-02-18 08:30:00,79.64
2020-02-18 09:00:00,78.66
2020-02-18 09:30:00,79.59
2020-02-18 10:00:00,80.38
2020-02-18 10:30:00,82.17
2020-02-18 11:00:00,80.15
2020-02-18 11:30:00,78.07
2020-02-18 12:00:00,78.01
2020-02-18 12:30:00,78.11
2020-02-18 13:00:00,80.41
2020-02-18 13:30:00,80.86
2020-02-18 14:00:00,79.66
2020-02-18 14:30:00,78.6
2020-02-18 15:00:00,81.02
2020-02-18 15:30:00,81.55
2020-02-18 16:00:00,81.64
2020-02-18 16:30:00,79.35
2020-02-18 17:00:00,77.65
2020-02-18 17:30:00,76.26
2020-02-18 18:00:00,76.03
2020-02-18 18:30:00,76.53
2020-02-18 19:00:00,77.98
2020-02-18 19:30:00,78.66
2020-02-18 20:00:00,86.37
2020-02-18 20:30:00,89.78
2020-02-18 21:00:00,84.08
2020-02-18 21:30:00,79.11
2020-02-18 22:00:00,77.26
2020-02-18 22:30:00,73.89
2020-02-18 23:00:00,73.41
2020-02-18 23:30:00,71.38
2020-02-19 00:00:00,71.81
2020-02-19 00:30:00,71.27
2020-02-19 01:00:00,70.24
2020-02-19 01:30:00,70.21
2020-02-19 02:00:00,69.09
2020-02-19 02:30:00,67.93
2020-02-19 03:00:00,67.06
2020-02-19 03:30:00,67.08
2020-02-19 04:00:00,66.95
2020-02-19 04:30:00,68.31
2020-02-19 05:00:00,69.04
2020-02-19 05:30:00,70.54
2020-02-19 06:00:00,72.03
2020-02-19 06:30:00,74.5
2020-02-19 07:00:00,70.23
2020-02-19 07:30:00,72.33
2020-02-19 08:00:00,74.43
2020-02-19 08:30:00,77.4
2020-02-19 09:00:00,80.47
2020-02-19 09:30:00,79.99
2020-02-19 10:00:00,81.83
2020-02-19 10:30:00,86.03
2020-02-19 11:00:00,82.52
2020-02-19 11:30:00,81.75
2020-02-19 12:00:00,80.35
2020-02-19 12:30:00,80.22
2020-02-19 13:00:00,80.21
2020-02-19 13:30:00,82.35
2020-02-19 14:00:00,81.98
2020-02-19 14:30:00,81.79
2020-02-19 15:00:00,86.43
2020-02-19 15:30:00,88.0
2020-02-19 16:00:00,86.75
2020-02-19 16:30:00,81.68
2020-02-19 17:00:00,80.58
2020-02-19 17:30:00,77.61
2020-02-19 18:00:00,77.32
2020-02-19 18:30:00,77.72
2020-02-19 19:00:00,79.57
2020-02-19 19:30:00,79.71
2020-02-19 20:00:00,87.67
2020-02-19 20:30:00,78.26
2020-02-19 21:00:00,81.77
2020-02-19 21:30:00,77.51
2020-02-19 22:00:00,77.79
2020-02-19 22:30:00,74.65
2020-02-19 23:00:00,73.87
2020-02-19 23:30:00,72.41
2020-02-20 00:00:00,73.64
2020-02-20 00:30:00,73.26
2020-02-20 01:00:00,71.69
2020-02-20 01:30:00,70.65
2020-02-20 02:00:00,70.49
2020-02-20 02:30:00,70.57
2020-02-20 03:00:00,70.42
2020-02-20 03:30:00,69.79
2020-02-20 04:00:00,69.49
2020-02-20 04:30:00,69.9
2020-02-20 05:00:00,70.69
2020-02-20 05:30:00,71.75
2020-02-20 06:00:00,73.28
2020-02-20 06:30:00,75.41
2020-02-20 07:00:00,71.56
2020-02-20 07:30:00,73.1
2020-02-20 08:00:00,76.24
2020-02-20 08:30:00,79.86
2020-02-20 09:00:00,80.04
2020-02-20 09:30:00,84.49
2020-02-20 10:00:00,88.5
2020-02-20 10:30:00,91.41
2020-02-20 11:00:00,88.66
2020-02-20 11:30:00,81.57
2020-02-20 12:00:00,80.54
2020-02-20 12:30:00,82.12
2020-02-20 13:00:00,83.45
2020-02-20 13:30:00,88.02
2020-02-20 14:00:00,88.03
2020-02-20 14:30:00,84.04
2020-02-20 15:00:00,84.47
2020-02-20 15:30:00,87.84
2020-02-20 16:00:00,86.71
2020-02-20 16:30:00,83.99
2020-02-20 17:00:00,81.11
2020-02-20 17:30:00,78.9
2020-02-20 18:00:00,79.36
2020-02-20 18:30:00,79.76
2020-02-20 19:00:00,80.92
2020-02-20 19:30:00,80.42
2020-02-20 20:00:00,92.19
2020-02-20 20:30:00,84.3
2020-02-20 21:00:00,84.39
2020-02-20 21:30:00,79.21
2020-02-20 22:00:00,78.32
2020-02-20 22:30:00,76.16
2020-02-20 23:00:00,74.15
2020-02-20 23:30:00,73.12
2020-02-21 00:00:00,74.53
2020-02-21 00:30:00,71.83
2020-02-21 01:00:00,70.72
2020-02-21 01:30:00,70.76
2020-02-21 02:00:00,70.51
2020-02-21 02:30:00,69.51
2020-02-21 03:00:00,69.63
2020-02-21 03:30:00,69.57
2020-02-21 04:00:00,69.69
2020-02-21 04:30:00,69.65
2020-02-21 05:00:00,70.77
2020-02-21 05:30:00,71.61
2020-02-21 06:00:00,72.91
2020-02-21 06:30:00,76.16
2020-02-21 07:00:00,70.81
2020-02-21 07:30:00,73.84
2020-02-21 08:00:00,76.38
2020-02-21 08:30:00,80.38
2020-02-21 09:00:00,80.23
2020-02-21 09:30:00,82.0
2020-02-21 10:00:00,84.32
2020-02-21 10:30:00,88.68
2020-02-21 11:00:00,86.9
2020-02-21 11:30:00,83.92
2020-02-21 12:00:00,83.4
2020-02-21 12:30:00,80.93
2020-02-21 13:00:00,84.02
2020-02-21 13:30:00,91.14
2020-02-21 14:00:00,89.26
2020-02-21 14:30:00,89.08
2020-02-21 15:00:00,83.66
2020-02-21 15:30:00,82.86
2020-02-21 16:00:00,83.3
2020-02-21 16:30:00,80.63
2020-02-21 17:00:00,80.29
2020-02-21 17:30:00,77.77
2020-02-21 18:00:00,76.97
2020-02-21 18:30:00,76.63
2020-02-21 19:00:00,78.37
2020-02-21 19:30:00,78.39
2020-02-21 20:00:00,80.44
2020-02-21 20:30:00,78.12
2020-02-21 21:00:00,77.91
2020-02-21 21:30:00,76.09
2020-02-21 22:00:00,75.8
2020-02-21 22:30:00,74.14
2020-02-21 23:00:00,76.19
2020-02-21 23:30:00,73.69
2020-02-22 00:00:00,73.73
2020-02-22 00:30:00,72.69
2020-02-22 01:00:00,70.84
2020-02-22 01:30:00,70.82
2020-02-22 02:00:00,69.82
2020-02-22 02:30:00,68.63
2020-02-22 03:00:00,68.56
2020-02-22 03:30:00,67.38
2020-02-22 04:00:00,67.27
2020-02-22 04:30:00,67.44
2020-02-22 05:00:00,67.81
2020-02-22 05:30:00,68.5
2020-02-22 06:00:00,69.77
2020-02-22 06:30:00,70.9
2020-02-22 07:00:00,70.81
2020-02-22 07:30:00,70.9
2020-02-22 08:00:00,73.26
2020-02-22 08:30:00,76.72
2020-02-22 09:00:00,74.47
2020-02-22 09:30:00,76.28
2020-02-22 10:00:00,78.52
2020-02-22 10:30:00,78.48
2020-02-22 11:00:00,78.29
2020-02-22 11:30:00,77.92
2020-02-22 12:00:00,76.57
2020-02-22 12:30:00,76.02
2020-02-22 13:00:00,74.15
2020-02-22 13:30:00,74.18
2020-02-22 14:00:00,73.71
2020-02-22 14:30:00,73.86
2020-02-22 15:00:00,73.8
2020-02-22 15:30:00,73.21
2020-02-22 16:00:00,73.45
2020-02-22 16:30:00,72.88
2020-02-22 17:00:00,72.78
2020-02-22 17:30:00,72.42
2020-02-22 18:00:00,72.62
2020-02-22 18:30:00,73.03
2020-02-22 19:00:00,73.12
2020-02-22 19:30:00,75.29
2020-02-22 20:00:00,75.68
2020-02-22 20:30:00,74.94
2020-02-22 21:00:00,76.1
2020-02-22 21:30:00,74.68
2020-02-22 22:00:00,73.14
2020-02-22 22:30:00,71.35
2020-02-22 23:00:00,70.73
2020-02-22 23:30:00,70.96
2020-02-23 00:00:00,74.15
2020-02-23 00:30:00,74.23
2020-02-23 01:00:00,72.29
2020-02-23 01:30:00,71.52
2020-02-23 02:00:00,71.28
2020-02-23 02:30:00,70.34
2020-02-23 03:00:00,69.75
2020-02-23 03:30:00,68.71
2020-02-23 04:00:00,68.32
2020-02-23 04:30:00,68.53
2020-02-23 05:00:00,68.46
2020-02-23 05:30:00,69.24
2020-02-23 06:00:00,69.07
2020-02-23 06:30:00,69.51
2020-02-23 07:00:00,70.62
2020-02-23 07:30:00,71.11
2020-02-23 08:00:00,71.86
2020-02-23 08:30:00,73.51
2020-02-23 09:00:00,71.14
2020-02-23 09:30:00,71.49
2020-02-23 10:00:00,71.49
2020-02-23 10:30:00,71.71
2020-02-23 11:00:00,71.61
2020-02-23 11:30:00,71.63
2020-02-23 12:00:00,71.65
2020-02-23 12:30:00,71.57
2020-02-23 13:00:00,71.56
2020-02-23 13:30:00,71.38
2020-02-23 14:00:00,71.73
2020-02-23 14:30:00,72.03
2020-02-23 15:00:00,71.53
2020-02-23 15:30:00,71.85
2020-02-23 16:00:00,78.6
2020-02-23 16:30:00,74.21
2020-02-23 17:00:00,72.47
2020-02-23 17:30:00,72.0
2020-02-23 18:00:00,71.41
2020-02-23 18:30:00,72.05
2020-02-23 19:00:00,74.73
2020-02-23 19:30:00,76.65
2020-02-23 20:00:00,77.81
2020-02-23 20:30:00,78.49
2020-02-23 21:00:00,82.87
2020-02-23 21:30:00,79.59
2020-02-23 22:00:00,76.7
2020-02-23 22:30:00,73.22
2020-02-23 23:00:00,72.83
2020-02-23 23:30:00,70.71
2020-02-24 00:00:00,70.53
2020-02-24 00:30:00,70.63
2020-02-24 01:00:00,70.66
2020-02-24 01:30:00,69.26
2020-02-24 02:00:00,67.71
2020-02-24 02:30:00,66.77
2020-02-24 03:00:00,66.73
2020-02-24 03:30:00,66.84
2020-02-24 04:00:00,67.1
2020-02-24 04:30:00,68.16
2020-02-24 05:00:00,69.68
2020-02-24 05:30:00,70.88
2020-02-24 06:00:00,71.74
2020-02-24 06:30:00,73.7
2020-02-24 07:00:00,71.7
2020-02-24 07:30:00,73.79
2020-02-24 08:00:00,77.82
2020-02-24 08:30:00,80.48
2020-02-24 09:00:00,82.48
2020-02-24 09:30:00,86.04
2020-02-24 10:00:00,93.8
2020-02-24 10:30:00,100.78
2020-02-24 11:00:00,101.49
2020-02-24 11:30:00,87.78
2020-02-24 12:00:00,87.36
2020-02-24 12:30:00,91.39
2020-02-24 13:00:00,102.8
2020-02-24 13:30:00,256.9
2020-02-24 14:00:00,145.47
2020-02-24 14:30:00,146.7
2020-02-24 15:00:00,116.28
2020-02-24 15:30:00,110.58
2020-02-24 16:00:00,110.41
2020-02-24 16:30:00,88.5
2020-02-24 17:00:00,86.31
2020-02-24 17:30:00,81.32
2020-02-24 18:00:00,78.4
2020-02-24 18:30:00,78.25
2020-02-24 19:00:00,80.49
2020-02-24 19:30:00,80.33
2020-02-24 20:00:00,88.18
2020-02-24 20:30:00,81.52
2020-02-24 21:00:00,80.67
2020-02-24 21:30:00,78.54
2020-02-24 22:00:00,79.0
2020-02-24 22:30:00,75.14
2020-02-24 23:00:00,76.07
2020-02-24 23:30:00,71.72
2020-02-25 00:00:00,71.75
2020-02-25 00:30:00,70.9
2020-02-25 01:00:00,70.95
2020-02-25 01:30:00,69.91
2020-02-25 02:00:00,68.48
2020-02-25 02:30:00,67.72
2020-02-25 03:00:00,68.02
2020-02-25 03:30:00,67.79
2020-02-25 04:00:00,67.87
2020-02-25 04:30:00,67.98
2020-02-25 05:00:00,70.09
2020-02-25 05:30:00,72.51
2020-02-25 06:00:00,75.06
2020-02-25 06:30:00,75.75
2020-02-25 07:00:00,73.55
2020-02-25 07:30:00,75.1
2020-02-25 08:00:00,76.23
2020-02-25 08:30:00,79.34
2020-02-25 09:00:00,80.27
2020-02-25 09:30:00,82.61
2020-02-25 10:00:00,82.81
2020-02-25 10:30:00,86.29
2020-02-25 11:00:00,84.26
2020-02-25 11:30:00,80.19
2020-02-25 12:00:00,80.11
2020-02-25 12:30:00,80.16
2020-02-25 13:00:00,83.21
2020-02-25 13:30:00,84.07
2020-02-25 14:00:00,87.85
2020-02-25 14:30:00,87.89
2020-02-25 15:00:00,88.67
2020-02-25 15:30:00,88.09
2020-02-25 16:00:00,88.06
2020-02-25 16:30:00,87.75
2020-02-25 17:00:00,82.11
2020-02-25 17:30:00,78.63
2020-02-25 18:00:00,78.85
2020-02-25 18:30:00,79.69
2020-02-25 19:00:00,82.52
2020-02-25 19:30:00,82.24
2020-02-25 20:00:00,90.89
2020-02-25 20:30:00,82.34
2020-02-25 21:00:00,84.17
2020-02-25 21:30:00,80.3
2020-02-25 22:00:00,78.28
2020-02-25 22:30:00,75.94
2020-02-25 23:00:00,73.76
2020-02-25 23:30:00,72.48
2020-02-26 00:00:00,73.28
2020-02-26 00:30:00,72.88
2020-02-26 01:00:00,71.54
2020-02-26 01:30:00,70.12
2020-02-26 02:00:00,69.93
2020-02-26 02:30:00,69.58
2020-02-26 03:00:00,69.56
2020-02-26 03:30:00,69.63
2020-02-26 04:00:00,69.62
2020-02-26 04:30:00,69.67
2020-02-26 05:00:00,71.01
2020-02-26 05:30:00,73.19
2020-02-26 06:00:00,73.31
2020-02-26 06:30:00,78.47
2020-02-26 07:00:00,72.77
2020-02-26 07:30:00,75.76
2020-02-26 08:00:00,78.27
2020-02-26 08:30:00,80.26
2020-02-26 09:00:00,80.59
2020-02-26 09:30:00,83.51
2020-02-26 10:00:00,89.04
2020-02-26 10:30:00,93.8
2020-02-26 11:00:00,92.58
2020-02-26 11:30:00,85.76
2020-02-26 12:00:00,82.52
2020-02-26 12:30:00,83.49
2020-02-26 13:00:00,87.9
2020-02-26 13:30:00,93.15
2020-02-26 14:00:00,102.89
2020-02-26 14:30:00,94.46
2020-02-26 15:00:00,96.91
2020-02-26 15:30:00,94.84
2020-02-26 16:00:00,102.8
2020-02-26 16:30:00,156.07
2020-02-26 17:00:00,93.14
2020-02-26 17:30:00,83.19
2020-02-26 18:00:00,80.05
2020-02-26 18:30:00,79.42
2020-02-26 19:00:00,84.1
2020-02-26 19:30:00,83.23
2020-02-26 20:00:00,92.64
2020-02-26 20:30:00,87.5
2020-02-26 21:00:00,86.31
2020-02-26 21:30:00,80.86
2020-02-26 22:00:00,78.7
2020-02-26 22:30:00,78.46
2020-02-26 23:00:00,76.25
2020-02-26 23:30:00,73.12
2020-02-27 00:00:00,79.12
2020-02-27 00:30:00,76.94
2020-02-27 01:00:00,73.95
2020-02-27 01:30:00,72.88
2020-02-27 02:00:00,71.86
2020-02-27 02:30:00,71.22
2020-02-27 03:00:00,71.15
2020-02-27 03:30:00,71.28
2020-02-27 04:00:00,71.13
2020-02-27 04:30:00,71.54
2020-02-27 05:00:00,72.58
2020-02-27 05:30:00,73.91
2020-02-27 06:00:00,75.18
2020-02-27 06:30:00,75.0
2020-02-27 07:00:00,74.85
2020-02-27 07:30:00,76.84
2020-02-27 08:00:00,79.96
2020-02-27 08:30:00,86.78
2020-02-27 09:00:00,85.54
2020-02-27 09:30:00,91.5
2020-02-27 10:00:00,94.42
2020-02-27 10:30:00,103.08
2020-02-27 11:00:00,94.26
2020-02-27 11:30:00,88.07
2020-02-27 12:00:00,86.39
2020-02-27 12:30:00,88.02
2020-02-27 13:00:00,91.94
2020-02-27 13:30:00,95.11
2020-02-27 14:00:00,216.74
2020-02-27 14:30:00,93.35
2020-02-27 15:00:00,91.96
2020-02-27 15:30:00,91.73
2020-02-27 16:00:00,93.95
2020-02-27 16:30:00,92.68
2020-02-27 17:00:00,87.14
2020-02-27 17:30:00,82.64
2020-02-27 18:00:00,82.26
2020-02-27 18:30:00,84.98
2020-02-27 19:00:00,85.17
2020-02-27 19:30:00,85.07
2020-02-27 20:00:00,92.9
2020-02-27 20:30:00,87.96
2020-02-27 21:00:00,87.52
2020-02-27 21:30:00,82.38
2020-02-27 22:00:00,80.48
2020-02-27 22:30:00,79.06
2020-02-27 23:00:00,78.82
2020-02-27 23:30:00,76.57
2020-02-28 00:00:00,78.11
2020-02-28 00:30:00,75.43
2020-02-28 01:00:00,74.1
2020-02-28 01:30:00,72.62
2020-02-28 02:00:00,72.4
2020-02-28 02:30:00,71.55
2020-02-28 03:00:00,71.56
2020-02-28 03:30:00,70.72
2020-02-28 04:00:00,70.72
2020-02-28 04:30:00,71.54
2020-02-28 05:00:00,72.09
2020-02-28 05:30:00,74.95
2020-02-28 06:00:00,76.84
2020-02-28 06:30:00,79.12
2020-02-28 07:00:00,73.25
2020-02-28 07:30:00,76.88
2020-02-28 08:00:00,80.02
2020-02-28 08:30:00,82.65
2020-02-28 09:00:00,85.29
2020-02-28 09:30:00,88.63
2020-02-28 10:00:00,93.37
2020-02-28 10:30:00,147.02
2020-02-28 11:00:00,94.1
2020-02-28 11:30:00,90.52
2020-02-28 12:00:00,90.57
2020-02-28 12:30:00,88.27
2020-02-28 13:00:00,92.99
2020-02-28 13:30:00,94.74
2020-02-28 14:00:00,183.34
2020-02-28 14:30:00,92.84
2020-02-28 15:00:00,94.37
2020-02-28 15:30:00,103.07
2020-02-28 16:00:00,94.9
2020-02-28 16:30:00,91.63
2020-02-28 17:00:00,86.22
2020-02-28 17:30:00,80.31
2020-02-28 18:00:00,79.66
2020-02-28 18:30:00,80.28
2020-02-28 19:00:00,80.17
2020-02-28 19:30:00,79.9
2020-02-28 20:00:00,87.35
2020-02-28 20:30:00,79.92
2020-02-28 21:00:00,80.89
2020-02-28 21:30:00,78.73
2020-02-28 22:00:00,78.79
2020-02-28 22:30:00,76.78
2020-02-28 23:00:00,82.56
2020-02-28 23:30:00,77.08
2020-02-29 00:00:00,76.98
2020-02-29 00:30:00,73.18
2020-02-29 01:00:00,74.92
2020-02-29 01:30:00,72.99
2020-02-29 02:00:00,72.53
2020-02-29 02:30:00,72.23
2020-02-29 03:00:00,71.04
2020-02-29 03:30:00,70.17
2020-02-29 04:00:00,69.37
2020-02-29 04:30:00,70.89
2020-02-29 05:00:00,70.84
2020-02-29 05:30:00,70.08
2020-02-29 06:00:00,71.03
2020-02-29 06:30:00,72.47
2020-02-29 07:00:00,74.27
2020-02-29 07:30:00,73.18
2020-02-29 08:00:00,78.27
2020-02-29 08:30:00,81.82
2020-02-29 09:00:00,80.79
2020-02-29 09:30:00,80.86
2020-02-29 10:00:00,80.7
2020-02-29 10:30:00,80.5
2020-02-29 11:00:00,80.4
2020-02-29 11:30:00,79.14
2020-02-29 12:00:00,78.2
2020-02-29 12:30:00,77.09
2020-02-29 13:00:00,76.22
2020-02-29 13:30:00,75.9
2020-02-29 14:00:00,72.54
2020-02-29 14:30:00,72.67
2020-02-29 15:00:00,72.73
2020-02-29 15:30:00,72.58
2020-02-29 16:00:00,72.68
2020-02-29 16:30:00,72.59
2020-02-29 17:00:00,72.35
2020-02-29 17:30:00,72.63
2020-02-29 18:00:00,73.57
2020-02-29 18:30:00,76.85
2020-02-29 19:00:00,77.76
2020-02-29 19:30:00,77.72
2020-02-29 20:00:00,79.19
2020-02-29 20:30:00,80.36
2020-02-29 21:00:00,79.19
2020-02-29 21:30:00,77.05
2020-02-29 22:00:00,77.21
2020-02-29 22:30:00,76.07
2020-02-29 23:00:00,77.28
2020-02-29 23:30:00,75.51
2020-03-01 00:00:00,80.57
2020-03-01 00:30:00,77.79
2020-03-01 01:00:00,68.24
2020-03-01 01:30:00,68.0
2020-03-01 02:00:00,66.83
2020-03-01 02:30:00,66.18
2020-03-01 03:00:00,64.9
2020-03-01 03:30:00,64.33
2020-03-01 04:00:00,64.15
2020-03-01 04:30:00,64.34
2020-03-01 05:00:00,64.73
2020-03-01 05:30:00,64.89
2020-03-01 06:00:00,64.33
2020-03-01 06:30:00,64.83
2020-03-01 07:00:00,64.44
2020-03-01 07:30:00,67.97
2020-03-01 08:00:00,71.09
2020-03-01 08:30:00,72.23
2020-03-01 09:00:00,71.51
2020-03-01 09:30:00,72.62
2020-03-01 10:00:00,70.22
2020-03-01 10:30:00,70.27
2020-03-01 11:00:00,70.21
2020-03-01 11:30:00,70.18
2020-03-01 12:00:00,70.16
2020-03-01 12:30:00,70.06
2020-03-01 13:00:00,70.07
2020-03-01 13:30:00,69.97
2020-03-01 14:00:00,69.98
2020-03-01 14:30:00,69.85
2020-03-01 15:00:00,69.81
2020-03-01 15:30:00,69.74
2020-03-01 16:00:00,69.61
2020-03-01 16:30:00,69.43
2020-03-01 17:00:00,69.38
2020-03-01 17:30:00,69.75
2020-03-01 18:00:00,69.75
2020-03-01 18:30:00,74.92
2020-03-01 19:00:00,78.92
2020-03-01 19:30:00,77.66
2020-03-01 20:00:00,79.86
2020-03-01 20:30:00,79.78
2020-03-01 21:00:00,85.19
2020-03-01 21:30:00,79.49
2020-03-01 22:00:00,73.27
2020-03-01 22:30:00,71.14
2020-03-01 23:00:00,70.11
2020-03-01 23:30:00,66.21
