Date,Price,Open,High,Low,InterpolateSLinear_Price,InterpolateSLinear_Open,InterpolateSLinear_High,InterpolateSLinear_Low
2019-01-01,0.515,0.51,0.525,0.505,0.515,0.51,0.525,0.505
2019-01-02,0.515,0.51,0.525,0.505,0.515,0.51,0.525,0.505
2019-01-03,0.505,0.515,0.525,0.505,0.505,0.515,0.525,0.505
2019-01-04,0.505,0.51,0.51,0.4970000000000001,0.505,0.51,0.51,0.4970000000000001
2019-01-05,,,,,0.51,0.5066666666666666,0.5133333333333333,0.49633333333333335
2019-01-06,,,,,0.515,0.5033333333333333,0.5166666666666666,0.49566666666666664
2019-01-07,0.52,0.5,0.52,0.495,0.52,0.5,0.52,0.495
2019-01-08,0.54,0.515,0.54,0.515,0.54,0.515,0.54,0.515
2019-01-09,0.59,0.535,0.6,0.535,0.59,0.535,0.6,0.535
2019-01-10,0.535,0.585,0.585,0.535,0.535,0.585,0.585,0.535
2019-01-11,0.565,0.54,0.575,0.535,0.565,0.54,0.575,0.535
2019-01-12,,,,,0.5666666666666665,0.5483333333333333,0.5816666666666666,0.5449999999999999
2019-01-13,,,,,0.5683333333333332,0.5566666666666666,0.5883333333333333,0.5549999999999999
2019-01-14,0.57,0.565,0.595,0.565,0.57,0.565,0.595,0.565
2019-01-15,0.57,0.58,0.585,0.57,0.57,0.58,0.585,0.57
2019-01-16,0.575,0.575,0.585,0.565,0.575,0.575,0.585,0.565
2019-01-17,0.56,0.58,0.58,0.55,0.56,0.58,0.58,0.55
2019-01-18,0.57,0.565,0.58,0.565,0.57,0.565,0.58,0.565
2019-01-19,,,,,0.5666666666666667,0.5666666666666665,0.5799999999999998,0.5616666666666665
2019-01-20,,,,,0.5633333333333334,0.5683333333333332,0.5799999999999998,0.5583333333333333
2019-01-21,0.56,0.57,0.58,0.555,0.56,0.57,0.58,0.555
2019-01-22,0.565,0.555,0.565,0.555,0.565,0.555,0.565,0.555
2019-01-23,0.535,0.55,0.555,0.53,0.535,0.55,0.555,0.53
2019-01-24,0.535,0.54,0.55,0.53,0.535,0.54,0.55,0.53
2019-01-25,0.525,0.535,0.54,0.515,0.525,0.535,0.54,0.515
2019-01-26,,,,,0.51875,0.5325,0.5387500000000001,0.50875
2019-01-27,,,,,0.5125,0.53,0.5375000000000001,0.5025
2019-01-28,,,,,0.50625,0.5275000000000001,0.53625,0.49624999999999997
2019-01-29,0.5,0.525,0.535,0.49,0.5,0.525,0.535,0.49
2019-01-30,0.52,0.505,0.535,0.505,0.52,0.505,0.535,0.505
2019-01-31,0.51,0.515,0.53,0.51,0.51,0.515,0.53,0.51
2019-02-01,0.495,0.52,0.52,0.49,0.495,0.52,0.52,0.49
2019-02-02,,,,,0.49499999999999994,0.5116666666666667,0.5133333333333333,0.49
2019-02-03,,,,,0.49499999999999994,0.5033333333333333,0.5066666666666666,0.49
2019-02-04,0.495,0.495,0.5,0.49,0.495,0.495,0.5,0.49
2019-02-05,0.49,0.495,0.515,0.49,0.49,0.495,0.515,0.49
2019-02-06,0.5,0.495,0.505,0.495,0.5,0.495,0.505,0.495
2019-02-07,0.495,0.5,0.505,0.495,0.495,0.5,0.505,0.495
2019-02-08,0.495,0.5,0.5,0.49,0.495,0.5,0.5,0.49
2019-02-09,,,,,0.4933333333333333,0.5,0.5,0.4883333333333333
2019-02-10,,,,,0.49166666666666664,0.5,0.5,0.48666666666666664
2019-02-11,0.49,0.5,0.5,0.485,0.49,0.5,0.5,0.485
2019-02-12,0.48,0.49,0.495,0.47,0.48,0.49,0.495,0.47
2019-02-13,0.475,0.475,0.485,0.47,0.475,0.475,0.485,0.47
2019-02-14,0.48,0.475,0.495,0.475,0.48,0.475,0.495,0.475
2019-02-15,0.495,0.485,0.495,0.475,0.495,0.485,0.495,0.475
2019-02-16,,,,,0.48999999999999994,0.4883333333333333,0.5033333333333333,0.4766666666666666
2019-02-17,,,,,0.48499999999999993,0.4916666666666666,0.5116666666666667,0.4783333333333333
2019-02-18,0.48,0.495,0.52,0.48,0.48,0.495,0.52,0.48
2019-02-19,0.475,0.49,0.495,0.475,0.475,0.49,0.495,0.475
2019-02-20,0.48,0.485,0.49,0.475,0.48,0.485,0.49,0.475
2019-02-21,0.49,0.49,0.49,0.48,0.49,0.49,0.49,0.48
2019-02-22,0.495,0.49,0.495,0.48,0.495,0.49,0.495,0.48
2019-02-23,,,,,0.48999999999999994,0.49,0.49499999999999994,0.4783333333333333
2019-02-24,,,,,0.48499999999999993,0.49,0.49499999999999994,0.4766666666666666
2019-02-25,0.48,0.49,0.495,0.475,0.48,0.49,0.495,0.475
2019-02-26,0.46,0.49,0.495,0.46,0.46,0.49,0.495,0.46
2019-02-27,0.475,0.47,0.48,0.47,0.475,0.47,0.48,0.47
2019-02-28,0.47,0.475,0.48,0.47,0.47,0.475,0.48,0.47
2019-03-01,0.465,0.47,0.47,0.46,0.465,0.47,0.47,0.46
2019-03-02,,,,,0.4716666666666667,0.4716666666666666,0.4783333333333333,0.46333333333333326
2019-03-03,,,,,0.4783333333333333,0.4733333333333333,0.4866666666666666,0.4666666666666666
2019-03-04,0.485,0.475,0.495,0.47,0.485,0.475,0.495,0.47
2019-03-05,0.485,0.485,0.49,0.48,0.485,0.485,0.49,0.48
2019-03-06,0.51,0.485,0.515,0.48200000000000004,0.51,0.485,0.515,0.48200000000000004
2019-03-07,0.505,0.51,0.515,0.495,0.505,0.51,0.515,0.495
2019-03-08,0.495,0.5,0.51,0.495,0.495,0.5,0.51,0.495
2019-03-09,,,,,0.48999999999999994,0.4983333333333333,0.5049999999999999,0.4883333333333333
2019-03-10,,,,,0.48499999999999993,0.4966666666666666,0.49999999999999994,0.48166666666666663
2019-03-11,0.48,0.495,0.495,0.475,0.48,0.495,0.495,0.475
2019-03-12,0.48,0.49,0.49,0.48,0.48,0.49,0.49,0.48
2019-03-13,0.475,0.485,0.485,0.475,0.475,0.485,0.485,0.475
2019-03-14,0.485,0.485,0.485,0.475,0.485,0.485,0.485,0.475
2019-03-15,0.49,0.485,0.49,0.475,0.49,0.485,0.49,0.475
2019-03-16,,,,,0.49166666666666664,0.48666666666666664,0.4933333333333333,0.4783333333333333
2019-03-17,,,,,0.4933333333333333,0.4883333333333333,0.49666666666666665,0.48166666666666663
2019-03-18,0.495,0.49,0.5,0.485,0.495,0.49,0.5,0.485
2019-03-19,0.48,0.5,0.5,0.48,0.48,0.5,0.5,0.48
2019-03-20,0.475,0.48,0.485,0.47,0.475,0.48,0.485,0.47
2019-03-21,0.465,0.47,0.475,0.45,0.465,0.47,0.475,0.45
2019-03-22,0.465,0.46,0.475,0.46,0.465,0.46,0.475,0.46
2019-03-23,,,,,0.46499999999999997,0.45999999999999996,0.4783333333333333,0.45999999999999996
2019-03-24,,,,,0.46499999999999997,0.45999999999999996,0.48166666666666663,0.45999999999999996
2019-03-25,0.465,0.46,0.485,0.46,0.465,0.46,0.485,0.46
2019-03-26,0.455,0.465,0.465,0.455,0.455,0.465,0.465,0.455
2019-03-27,0.46,0.465,0.465,0.46,0.46,0.465,0.465,0.46
2019-03-28,0.465,0.46,0.47,0.455,0.465,0.46,0.47,0.455
2019-03-29,0.455,0.46,0.465,0.455,0.455,0.46,0.465,0.455
2019-03-30,,,,,0.45666666666666667,0.4583333333333333,0.4633333333333333,0.455
2019-03-31,,,,,0.4583333333333333,0.45666666666666667,0.46166666666666667,0.455
2019-04-01,0.46,0.455,0.46,0.455,0.46,0.455,0.46,0.455
2019-04-02,0.455,0.46,0.465,0.455,0.455,0.46,0.465,0.455
2019-04-03,0.45,0.46,0.46,0.445,0.45,0.46,0.46,0.445
2019-04-04,0.445,0.46,0.46,0.445,0.445,0.46,0.46,0.445
2019-04-05,0.44,0.45,0.455,0.44,0.44,0.45,0.455,0.44
2019-04-06,,,,,0.44166666666666665,0.4483333333333333,0.455,0.44166666666666665
2019-04-07,,,,,0.4433333333333333,0.44666666666666666,0.455,0.4433333333333333
2019-04-08,0.445,0.445,0.455,0.445,0.445,0.445,0.455,0.445
2019-04-09,0.445,0.45,0.45,0.44,0.445,0.45,0.45,0.44
2019-04-10,0.45,0.445,0.45,0.44,0.45,0.445,0.45,0.44
2019-04-11,0.445,0.445,0.45,0.445,0.445,0.445,0.45,0.445
2019-04-12,0.45,0.45,0.452,0.445,0.45,0.45,0.452,0.445
2019-04-13,,,,,0.4483333333333333,0.44999999999999996,0.453,0.44499999999999995
2019-04-14,,,,,0.44666666666666666,0.44999999999999996,0.454,0.44499999999999995
2019-04-15,0.445,0.45,0.455,0.445,0.445,0.45,0.455,0.445
2019-04-16,0.445,0.45,0.45,0.445,0.445,0.45,0.45,0.445
2019-04-17,0.44,0.445,0.45,0.44,0.44,0.445,0.45,0.44
2019-04-18,0.435,0.44,0.445,0.43,0.435,0.44,0.445,0.43
2019-04-19,,,,,0.43399999999999994,0.43899999999999995,0.44399999999999995,0.42899999999999994
2019-04-20,,,,,0.433,0.438,0.443,0.428
2019-04-21,,,,,0.432,0.437,0.442,0.427
2019-04-22,,,,,0.43099999999999994,0.43599999999999994,0.44099999999999995,0.42599999999999993
2019-04-23,0.43,0.435,0.44,0.425,0.43,0.435,0.44,0.425
2019-04-24,0.45,0.43,0.455,0.43,0.45,0.43,0.455,0.43
2019-04-25,,,,,0.455,0.4425,0.4625,0.44
2019-04-26,0.46,0.455,0.47,0.45,0.46,0.455,0.47,0.45
2019-04-27,,,,,0.4583333333333333,0.45666666666666667,0.4666666666666666,0.4483333333333333
2019-04-28,,,,,0.45666666666666667,0.4583333333333333,0.46333333333333326,0.44666666666666666
2019-04-29,0.455,0.46,0.46,0.445,0.455,0.46,0.46,0.445
2019-04-30,0.435,0.45,0.455,0.435,0.435,0.45,0.455,0.435
2019-05-01,0.435,0.435,0.45,0.435,0.435,0.435,0.45,0.435
2019-05-02,0.44,0.435,0.445,0.43,0.44,0.435,0.445,0.43
2019-05-03,0.44,0.44,0.45,0.43,0.44,0.44,0.45,0.43
2019-05-04,,,,,0.43333333333333335,0.43666666666666665,0.44499999999999995,0.42666666666666664
2019-05-05,,,,,0.42666666666666664,0.4333333333333333,0.43999999999999995,0.4233333333333333
2019-05-06,0.42,0.43,0.435,0.42,0.42,0.43,0.435,0.42
2019-05-07,0.415,0.425,0.43,0.41200000000000003,0.415,0.425,0.43,0.41200000000000003
2019-05-08,0.415,0.42,0.42,0.41,0.415,0.42,0.42,0.41
2019-05-09,0.41,0.415,0.42,0.41,0.41,0.415,0.42,0.41
2019-05-10,0.41,0.42,0.42,0.405,0.41,0.42,0.42,0.405
2019-05-11,,,,,0.41,0.41333333333333333,0.419,0.40166666666666667
2019-05-12,,,,,0.41,0.4066666666666666,0.41800000000000004,0.3983333333333333
2019-05-13,0.41,0.4,0.41700000000000004,0.395,0.41,0.4,0.41700000000000004,0.395
2019-05-14,0.385,0.4,0.4,0.375,0.385,0.4,0.4,0.375
2019-05-15,0.4,0.4,0.42200000000000004,0.395,0.4,0.4,0.42200000000000004,0.395
2019-05-16,0.395,0.41,0.415,0.395,0.395,0.41,0.415,0.395
2019-05-17,0.385,0.39,0.405,0.38,0.385,0.39,0.405,0.38
2019-05-18,,,,,0.385,0.39,0.405,0.37999999999999995
2019-05-19,,,,,0.385,0.39,0.405,0.37999999999999995
2019-05-20,0.385,0.39,0.405,0.38,0.385,0.39,0.405,0.38
2019-05-21,0.38,0.385,0.39,0.375,0.38,0.385,0.39,0.375
2019-05-22,0.375,0.385,0.39,0.365,0.375,0.385,0.39,0.365
2019-05-23,0.365,0.375,0.385,0.36,0.365,0.375,0.385,0.36
2019-05-24,0.35,0.365,0.37,0.34,0.35,0.365,0.37,0.34
2019-05-25,,,,,0.3466666666666667,0.3583333333333333,0.365,0.34
2019-05-26,,,,,0.3433333333333333,0.3516666666666666,0.36,0.34
2019-05-27,0.34,0.345,0.355,0.34,0.34,0.345,0.355,0.34
2019-05-28,0.33,0.335,0.345,0.33,0.33,0.335,0.345,0.33
2019-05-29,0.31,0.33,0.33,0.3,0.31,0.33,0.33,0.3
2019-05-30,0.285,0.305,0.305,0.285,0.285,0.305,0.305,0.285
2019-05-31,0.305,0.285,0.315,0.285,0.305,0.285,0.315,0.285
2019-06-01,,,,,0.29666666666666663,0.29333333333333333,0.31333333333333335,0.2833333333333333
2019-06-02,,,,,0.28833333333333333,0.30166666666666664,0.31166666666666665,0.2816666666666667
2019-06-03,0.28,0.31,0.31,0.28,0.28,0.31,0.31,0.28
2019-06-04,0.29,0.285,0.305,0.28,0.29,0.285,0.305,0.28
2019-06-05,0.275,0.295,0.3,0.272,0.275,0.295,0.3,0.272
2019-06-06,0.26,0.275,0.275,0.255,0.26,0.275,0.275,0.255
2019-06-07,0.26,0.26,0.27,0.26,0.26,0.26,0.27,0.26
2019-06-08,,,,,0.2625,0.26125,0.2725,0.26125
2019-06-09,,,,,0.265,0.2625,0.275,0.2625
2019-06-10,,,,,0.2675,0.26375000000000004,0.2775,0.26375000000000004
2019-06-11,0.27,0.265,0.28,0.265,0.27,0.265,0.28,0.265
2019-06-12,0.275,0.275,0.285,0.27,0.275,0.275,0.285,0.27
2019-06-13,0.27,0.275,0.28,0.267,0.27,0.275,0.28,0.267
2019-06-14,0.26,0.27,0.275,0.26,0.26,0.27,0.275,0.26
2019-06-15,,,,,0.2683333333333333,0.2683333333333333,0.28,0.26
2019-06-16,,,,,0.2766666666666666,0.26666666666666666,0.285,0.26
2019-06-17,0.285,0.265,0.29,0.26,0.285,0.265,0.29,0.26
2019-06-18,0.285,0.29,0.3,0.285,0.285,0.29,0.3,0.285
2019-06-19,0.275,0.3,0.305,0.275,0.275,0.3,0.305,0.275
2019-06-20,0.265,0.28,0.28,0.265,0.265,0.28,0.28,0.265
2019-06-21,0.26,0.27,0.275,0.26,0.26,0.27,0.275,0.26
2019-06-22,,,,,0.26,0.2683333333333333,0.2733333333333333,0.26
2019-06-23,,,,,0.26,0.26666666666666666,0.27166666666666667,0.26
2019-06-24,0.26,0.265,0.27,0.26,0.26,0.265,0.27,0.26
2019-06-25,0.245,0.27,0.27,0.245,0.245,0.27,0.27,0.245
2019-06-26,0.225,0.25,0.255,0.225,0.225,0.25,0.255,0.225
2019-06-27,0.24,0.23,0.245,0.23,0.24,0.23,0.245,0.23
2019-06-28,0.235,0.245,0.245,0.23,0.235,0.245,0.245,0.23
2019-06-29,,,,,0.24333333333333332,0.245,0.25,0.23166666666666663
2019-06-30,,,,,0.25166666666666665,0.245,0.255,0.2333333333333333
2019-07-01,0.26,0.245,0.26,0.235,0.26,0.245,0.26,0.235
2019-07-02,0.255,0.26,0.27,0.255,0.255,0.26,0.27,0.255
2019-07-03,0.245,0.25,0.255,0.24,0.245,0.25,0.255,0.24
2019-07-04,0.245,0.245,0.25,0.24,0.245,0.245,0.25,0.24
2019-07-05,0.245,0.245,0.25,0.24,0.245,0.245,0.25,0.24
2019-07-06,,,,,0.24666666666666665,0.24666666666666665,0.25166666666666665,0.24166666666666664
2019-07-07,,,,,0.24833333333333332,0.24833333333333332,0.2533333333333333,0.24333333333333332
2019-07-08,0.25,0.25,0.255,0.245,0.25,0.25,0.255,0.245
2019-07-09,0.235,0.255,0.255,0.235,0.235,0.255,0.255,0.235
2019-07-10,0.24,0.245,0.245,0.237,0.24,0.245,0.245,0.237
2019-07-11,0.24,0.25,0.25,0.24,0.24,0.25,0.25,0.24
2019-07-12,0.245,0.245,0.25,0.245,0.245,0.245,0.25,0.245
2019-07-13,,,,,0.24166666666666664,0.245,0.24833333333333332,0.24
2019-07-14,,,,,0.2383333333333333,0.245,0.24666666666666665,0.235
2019-07-15,0.235,0.245,0.245,0.23,0.235,0.245,0.245,0.23
2019-07-16,0.24,0.235,0.25,0.235,0.24,0.235,0.25,0.235
2019-07-17,0.23,0.245,0.245,0.23,0.23,0.245,0.245,0.23
2019-07-18,0.23,0.235,0.235,0.23,0.23,0.235,0.235,0.23
2019-07-19,0.235,0.23,0.24,0.23,0.235,0.23,0.24,0.23
2019-07-20,,,,,0.255,0.23166666666666663,0.2583333333333333,0.23166666666666663
2019-07-21,,,,,0.27499999999999997,0.2333333333333333,0.2766666666666666,0.2333333333333333
2019-07-22,0.295,0.235,0.295,0.235,0.295,0.235,0.295,0.235
2019-07-23,0.27,0.285,0.3,0.265,0.27,0.285,0.3,0.265
2019-07-24,0.26,0.275,0.28,0.26,0.26,0.275,0.28,0.26
2019-07-25,0.255,0.265,0.27,0.255,0.255,0.265,0.27,0.255
2019-07-26,0.26,0.26,0.26,0.25,0.26,0.26,0.26,0.25
2019-07-27,,,,,0.2583333333333333,0.26,0.2633333333333333,0.25166666666666665
2019-07-28,,,,,0.25666666666666665,0.26,0.26666666666666666,0.2533333333333333
2019-07-29,0.255,0.26,0.27,0.255,0.255,0.26,0.27,0.255
2019-07-30,0.25,0.26,0.265,0.25,0.25,0.26,0.265,0.25
2019-07-31,0.255,0.255,0.257,0.25,0.255,0.255,0.257,0.25
2019-08-01,0.24,0.25,0.255,0.24,0.24,0.25,0.255,0.24
2019-08-02,0.235,0.245,0.245,0.235,0.235,0.245,0.245,0.235
2019-08-03,,,,,0.22999999999999998,0.24166666666666664,0.24166666666666664,0.2283333333333333
2019-08-04,,,,,0.22499999999999998,0.2383333333333333,0.2383333333333333,0.22166666666666662
2019-08-05,0.22,0.235,0.235,0.215,0.22,0.235,0.235,0.215
2019-08-06,0.21,0.215,0.22,0.2,0.21,0.215,0.22,0.2
2019-08-07,0.21,0.22,0.235,0.21,0.21,0.22,0.235,0.21
2019-08-08,0.22,0.215,0.225,0.212,0.22,0.215,0.225,0.212
2019-08-09,0.225,0.225,0.23,0.215,0.225,0.225,0.23,0.215
2019-08-10,,,,,0.22333333333333333,0.22333333333333333,0.22833333333333333,0.21499999999999997
2019-08-11,,,,,0.22166666666666668,0.22166666666666668,0.22666666666666666,0.21499999999999997
2019-08-12,0.22,0.22,0.225,0.215,0.22,0.22,0.225,0.215
2019-08-13,0.215,0.22,0.225,0.215,0.215,0.22,0.225,0.215
2019-08-14,0.215,0.22,0.225,0.21,0.215,0.22,0.225,0.21
2019-08-15,0.215,0.215,0.22,0.205,0.215,0.215,0.22,0.205
2019-08-16,0.2,0.215,0.215,0.195,0.2,0.215,0.215,0.195
2019-08-17,,,,,0.19833333333333333,0.20999999999999996,0.21499999999999997,0.195
2019-08-18,,,,,0.19666666666666666,0.205,0.21499999999999997,0.195
2019-08-19,0.195,0.2,0.215,0.195,0.195,0.2,0.215,0.195
2019-08-20,0.205,0.2,0.21,0.2,0.205,0.2,0.21,0.2
2019-08-21,0.195,0.2,0.205,0.185,0.195,0.2,0.205,0.185
2019-08-22,0.195,0.19,0.19699999999999998,0.19,0.195,0.19,0.19699999999999998,0.19
2019-08-23,0.19,0.2,0.2,0.19,0.19,0.2,0.2,0.19
2019-08-24,,,,,0.1883333333333333,0.19666666666666666,0.19833333333333333,0.18666666666666665
2019-08-25,,,,,0.18666666666666665,0.1933333333333333,0.19666666666666666,0.18333333333333332
2019-08-26,0.185,0.19,0.195,0.18,0.185,0.19,0.195,0.18
2019-08-27,0.18,0.18,0.19,0.18,0.18,0.18,0.19,0.18
2019-08-28,0.18,0.185,0.19,0.18,0.18,0.185,0.19,0.18
2019-08-29,0.18,0.185,0.19,0.18,0.18,0.185,0.19,0.18
2019-08-30,0.17,0.18,0.19,0.165,0.17,0.18,0.19,0.165
2019-08-31,,,,,0.16833333333333333,0.17666666666666667,0.18499999999999997,0.16333333333333333
2019-09-01,,,,,0.16666666666666669,0.17333333333333334,0.18,0.16166666666666665
2019-09-02,0.165,0.17,0.175,0.16,0.165,0.17,0.175,0.16
2019-09-03,0.155,0.165,0.165,0.15,0.155,0.165,0.165,0.15
2019-09-04,0.155,0.15,0.155,0.145,0.155,0.15,0.155,0.145
2019-09-05,0.16,0.16,0.165,0.155,0.16,0.16,0.165,0.155
2019-09-06,0.18,0.16,0.2,0.16,0.18,0.16,0.2,0.16
2019-09-07,,,,,0.18333333333333332,0.16999999999999998,0.19833333333333333,0.16666666666666666
2019-09-08,,,,,0.18666666666666665,0.18,0.19666666666666666,0.17333333333333334
2019-09-09,0.19,0.19,0.195,0.18,0.19,0.19,0.195,0.18
2019-09-10,0.24,0.195,0.24,0.19,0.24,0.195,0.24,0.19
2019-09-11,0.265,0.25,0.275,0.25,0.265,0.25,0.275,0.25
2019-09-12,0.245,0.27,0.27,0.24,0.245,0.27,0.27,0.24
2019-09-13,0.245,0.245,0.255,0.23,0.245,0.245,0.255,0.23
2019-09-14,,,,,0.26166666666666666,0.2633333333333333,0.2783333333333333,0.24666666666666665
2019-09-15,,,,,0.2783333333333333,0.2816666666666666,0.30166666666666664,0.2633333333333333
2019-09-16,0.295,0.3,0.325,0.28,0.295,0.3,0.325,0.28
2019-09-17,,,,,0.27749999999999997,0.3,0.32,0.27
2019-09-18,0.26,0.3,0.315,0.26,0.26,0.3,0.315,0.26
2019-09-19,0.25,0.275,0.28,0.25,0.25,0.275,0.28,0.25
2019-09-20,0.26,0.255,0.275,0.25,0.26,0.255,0.275,0.25
2019-09-21,,,,,0.26,0.2583333333333333,0.2733333333333333,0.2533333333333333
2019-09-22,,,,,0.26,0.26166666666666666,0.27166666666666667,0.25666666666666665
2019-09-23,0.26,0.265,0.27,0.26,0.26,0.265,0.27,0.26
2019-09-24,0.26,0.26,0.265,0.247,0.26,0.26,0.265,0.247
2019-09-25,0.26,0.25,0.26,0.245,0.26,0.25,0.26,0.245
2019-09-26,0.245,0.255,0.255,0.24,0.245,0.255,0.255,0.24
2019-09-27,0.255,0.245,0.255,0.245,0.255,0.245,0.255,0.245
2019-09-28,,,,,0.2533333333333333,0.24833333333333332,0.2583333333333333,0.24666666666666665
2019-09-29,,,,,0.25166666666666665,0.25166666666666665,0.26166666666666666,0.24833333333333332
2019-09-30,0.25,0.255,0.265,0.25,0.25,0.255,0.265,0.25
2019-10-01,0.255,0.25,0.26,0.25,0.255,0.25,0.26,0.25
2019-10-02,0.25,0.25,0.255,0.245,0.25,0.25,0.255,0.245
2019-10-03,0.245,0.245,0.25,0.235,0.245,0.245,0.25,0.235
2019-10-04,0.25,0.245,0.25,0.24,0.25,0.245,0.25,0.24
2019-10-05,,,,,0.24666666666666665,0.245,0.24833333333333332,0.23666666666666664
2019-10-06,,,,,0.2433333333333333,0.245,0.24666666666666665,0.2333333333333333
2019-10-07,0.24,0.245,0.245,0.23,0.24,0.245,0.245,0.23
2019-10-08,0.225,0.24,0.24,0.225,0.225,0.24,0.24,0.225
2019-10-09,0.225,0.23,0.23,0.215,0.225,0.23,0.23,0.215
2019-10-10,0.225,0.22,0.225,0.2,0.225,0.22,0.225,0.2
2019-10-11,0.225,0.22,0.225,0.215,0.225,0.22,0.225,0.215
2019-10-12,,,,,0.22499999999999998,0.22166666666666668,0.22666666666666666,0.21666666666666665
2019-10-13,,,,,0.22499999999999998,0.22333333333333333,0.22833333333333333,0.21833333333333332
2019-10-14,0.225,0.225,0.23,0.22,0.225,0.225,0.23,0.22
2019-10-15,0.23,0.22,0.23,0.22,0.23,0.22,0.23,0.22
2019-10-16,0.225,0.225,0.225,0.215,0.225,0.225,0.225,0.215
2019-10-17,0.215,0.225,0.225,0.215,0.215,0.225,0.225,0.215
2019-10-18,0.225,0.22,0.225,0.215,0.225,0.22,0.225,0.215
2019-10-19,,,,,0.22166666666666665,0.22,0.22499999999999998,0.21499999999999997
2019-10-20,,,,,0.21833333333333332,0.22,0.22499999999999998,0.21499999999999997
2019-10-21,0.215,0.22,0.225,0.215,0.215,0.22,0.225,0.215
2019-10-22,0.21,0.215,0.215,0.205,0.21,0.215,0.215,0.205
2019-10-23,0.205,0.21,0.21,0.205,0.205,0.21,0.21,0.205
2019-10-24,0.215,0.205,0.215,0.205,0.215,0.205,0.215,0.205
2019-10-25,0.22,0.22,0.225,0.215,0.22,0.22,0.225,0.215
2019-10-26,,,,,0.22499999999999998,0.22166666666666668,0.22999999999999998,0.21833333333333332
2019-10-27,,,,,0.22999999999999998,0.22333333333333333,0.235,0.22166666666666665
2019-10-28,0.235,0.225,0.24,0.225,0.235,0.225,0.24,0.225
2019-10-29,0.235,0.24,0.245,0.235,0.235,0.24,0.245,0.235
2019-10-30,0.225,0.235,0.245,0.225,0.225,0.235,0.245,0.225
2019-10-31,0.225,0.225,0.23,0.225,0.225,0.225,0.23,0.225
2019-11-01,0.2,0.22,0.22,0.2,0.2,0.22,0.22,0.2
2019-11-02,,,,,0.2033333333333333,0.21833333333333332,0.22,0.20166666666666666
2019-11-03,,,,,0.20666666666666667,0.21666666666666665,0.22,0.2033333333333333
2019-11-04,0.21,0.215,0.22,0.205,0.21,0.215,0.22,0.205
2019-11-05,0.21,0.22,0.22,0.21,0.21,0.22,0.22,0.21
2019-11-06,0.21,0.215,0.22,0.21,0.21,0.215,0.22,0.21
2019-11-07,0.215,0.22,0.22,0.215,0.215,0.22,0.22,0.215
2019-11-08,0.21,0.215,0.217,0.21,0.21,0.215,0.217,0.21
2019-11-09,,,,,0.21166666666666664,0.21333333333333332,0.218,0.20999999999999996
2019-11-10,,,,,0.21333333333333332,0.21166666666666664,0.219,0.20999999999999996
2019-11-11,0.215,0.21,0.22,0.21,0.215,0.21,0.22,0.21
2019-11-12,0.235,0.215,0.235,0.215,0.235,0.215,0.235,0.215
2019-11-13,0.21,0.23,0.23,0.21,0.21,0.23,0.23,0.21
2019-11-14,0.205,0.215,0.22,0.205,0.205,0.215,0.22,0.205
2019-11-15,0.205,0.21,0.215,0.2,0.205,0.21,0.215,0.2
2019-11-16,,,,,0.205,0.21166666666666664,0.21499999999999997,0.20166666666666666
2019-11-17,,,,,0.205,0.21333333333333332,0.21499999999999997,0.2033333333333333
2019-11-18,0.205,0.215,0.215,0.205,0.205,0.215,0.215,0.205
2019-11-19,0.21,0.21,0.215,0.20199999999999999,0.21,0.21,0.215,0.20199999999999999
2019-11-20,0.2,0.205,0.21,0.195,0.2,0.205,0.21,0.195
2019-11-21,0.205,0.2,0.205,0.195,0.205,0.2,0.205,0.195
2019-11-22,0.2,0.2,0.2,0.195,0.2,0.2,0.2,0.195
2019-11-23,,,,,0.2,0.20166666666666666,0.20166666666666666,0.19333333333333333
2019-11-24,,,,,0.2,0.2033333333333333,0.2033333333333333,0.19166666666666665
2019-11-25,0.2,0.205,0.205,0.19,0.2,0.205,0.205,0.19
2019-11-26,0.195,0.2,0.2,0.19,0.195,0.2,0.2,0.19
2019-11-27,0.195,0.2,0.2,0.195,0.195,0.2,0.2,0.195
2019-11-28,0.195,0.19,0.195,0.19,0.195,0.19,0.195,0.19
2019-11-29,0.198,0.195,0.2,0.195,0.198,0.195,0.2,0.195
2019-11-30,,,,,0.19533333333333333,0.19666666666666666,0.2,0.19333333333333333
2019-12-01,,,,,0.19266666666666665,0.19833333333333333,0.2,0.19166666666666665
2019-12-02,0.19,0.2,0.2,0.19,0.19,0.2,0.2,0.19
2019-12-03,0.19,0.19,0.195,0.19,0.19,0.19,0.195,0.19
2019-12-04,0.19,0.19,0.195,0.19,0.19,0.19,0.195,0.19
2019-12-05,0.195,0.195,0.20199999999999999,0.195,0.195,0.195,0.20199999999999999,0.195
2019-12-06,0.205,0.20199999999999999,0.215,0.2,0.205,0.20199999999999999,0.215,0.2
2019-12-07,,,,,0.205,0.20299999999999999,0.21166666666666664,0.19833333333333333
2019-12-08,,,,,0.205,0.204,0.20833333333333331,0.19666666666666666
2019-12-09,0.205,0.205,0.205,0.195,0.205,0.205,0.205,0.195
2019-12-10,0.205,0.2,0.205,0.2,0.205,0.2,0.205,0.2
2019-12-11,0.21,0.205,0.215,0.205,0.21,0.205,0.215,0.205
2019-12-12,0.21,0.21,0.21,0.2,0.21,0.21,0.21,0.2
2019-12-13,0.21,0.21,0.21,0.205,0.21,0.21,0.21,0.205
2019-12-14,,,,,0.20833333333333331,0.20999999999999996,0.21333333333333332,0.205
2019-12-15,,,,,0.20666666666666667,0.20999999999999996,0.21666666666666667,0.205
2019-12-16,0.205,0.21,0.22,0.205,0.205,0.21,0.22,0.205
2019-12-17,0.21,0.21,0.215,0.205,0.21,0.21,0.215,0.205
2019-12-18,0.2,0.205,0.215,0.2,0.2,0.205,0.215,0.2
2019-12-19,0.2,0.2,0.2,0.2,0.2,0.2,0.2,0.2
2019-12-20,,,,,0.198,0.198,0.198,0.198
2019-12-21,,,,,0.196,0.196,0.196,0.196
2019-12-22,,,,,0.194,0.194,0.194,0.194
2019-12-23,,,,,0.192,0.192,0.192,0.192
2019-12-24,0.19,0.19,0.19,0.19,0.19,0.19,0.19,0.19
2019-12-25,,,,,0.1933333333333333,0.1933333333333333,0.1933333333333333,0.1933333333333333
2019-12-26,,,,,0.19666666666666666,0.19666666666666666,0.19666666666666666,0.19666666666666666
2019-12-27,0.2,0.2,0.2,0.2,0.2,0.2,0.2,0.2
2019-12-28,,,,,0.195,0.19833333333333333,0.2,0.19333333333333333
2019-12-29,,,,,0.19,0.19666666666666666,0.2,0.18666666666666665
2019-12-30,0.185,0.195,0.2,0.18,0.185,0.195,0.2,0.18
2019-12-31,0.19,0.19,0.19,0.19,0.19,0.19,0.19,0.19
